row_id,phonemes
test_000000,kəmpjutɚ
test_000001,ɔtəʊɛθnəʊɡɹæfɪk
test_000002,hʌt
test_000003,bɛlhɑp
test_000004,ɹɪfɜɹəl
test_000005,tɹədus
test_000006,ɡæmbuʒ
test_000007,sæɪdɪzəm
test_000008,fɹɔsti
test_000009,mɑmə
test_000010,hɐm
test_000011,ɹɛktɪfaɪɚ
test_000012,bɹið
test_000013,səmɛtrəkəl
test_000014,səpɹimʌm
test_000015,pæsɪnd͡ʒəz
test_000016,æd͡ʒaɪl
test_000017,ɔtəmeɪʃən
test_000018,məʊzeɪk
test_000019,bæɹən
test_000020,sækɹɪfɑesɪz
test_000021,njʉɐns
test_000022,ɪkweɪʒən
test_000023,ɪntəɡɹeɪt
test_000024,stɹʌt
test_000025,fɪkst͡ʃɚ
test_000026,dɪsɜnɪŋ
test_000027,kɑləmnɪst
test_000028,ɑkɪtaɪpəl
test_000029,sɛpəɹeɪt
test_000030,bɑʃ
test_000031,swɒp
test_000032,əlud
test_000033,tɒləɹəbli
test_000034,sæɪdəzəm
test_000035,feɹiz
test_000036,əkskɹʉʃiæɪtəŋ
test_000037,meɪdsɝvənt
test_000038,ɛɹənt
test_000039,deɪnd͡ʒɚ
test_000040,sæɪdɪzəm
test_000041,sɛntimɛntl̩
test_000042,kəlɔmətə
test_000043,mɑnətɑnɪk
test_000044,kɹɒsɪŋ
test_000045,pɛɹədaɪm
test_000046,ɹɪdjusɪz
test_000047,wəðstʊd
test_000048,əʊpənə
test_000049,tɛmpəɹaɪz
test_000050,ɑɹkɪtaɪpəl
test_000051,kənɡlɒməɹɪt
test_000052,tɜbjələnt
test_000053,fɒɹɪd͡ʒɪz
test_000054,ɪnflʊənst
test_000055,dɪsɜnɪŋ
test_000056,ɑɹkeɪɪk
test_000057,əɡɹi
test_000058,bɛɡ
test_000059,æntisoʊʃəl
test_000060,səʉsiɔləd͡ʒi
test_000061,ʃɪpɚ
test_000062,mɑnəkloʊnəl
test_000063,kɑɹtəlæd͡ʒənəs
test_000064,pɹɒbəbɪlɪstɪk
test_000065,kəntɹəfaɪ
test_000066,stʌbənnəs
test_000067,moʊdəs
test_000068,hʊkə
test_000069,pɹɒbəbɪlɪstɪk
test_000070,deɪliə
test_000071,bɹeɪdɪkɑɹdiə
test_000072,ɔɡənaɪzeɪʃən
test_000073,fɪniəl
test_000074,stɛɹd
test_000075,tɒpɪk
test_000076,ɪntɹədust
test_000077,juhiməɹaɪz
test_000078,ɡlɐʉbəlaɪzæɪʃən
test_000079,ɪnspɚeɪʃən
test_000080,wɒdɪŋ
test_000081,mælkəntɛnt
test_000082,nəʉtəbəl
test_000083,æmbɪɡjʉəs
test_000084,ʌnsɝtənti
test_000085,bɔk
test_000086,tɹɑepɒd
test_000087,ʃut
test_000088,mɛθədoʊn
test_000089,kɐʉkənɐt
test_000090,hɛdmæstɚ
test_000091,ɪlɛktə
test_000092,tøbjələnt
test_000093,wɛə
test_000094,bæɪl
test_000095,til
test_000096,bɹoʊ̯ɡ
test_000097,ɔlbiɪt
test_000098,əsɛndənt
test_000099,mɔnətəʉn
test_000100,məsitɚ
test_000101,mɛmwɑɹ
test_000102,sædəl
test_000103,kɒn
test_000104,ɛfəvɛsənt
test_000105,zʌɪɡəʊmatɪk
test_000106,weɪd͡ʒɚ
test_000107,ənweɪvəɹɪŋ
test_000108,mɛθədəʊn
test_000109,kəmjʉnɪti
test_000110,bɛm
test_000111,dəzästə
test_000112,juʒəɹi
test_000113,fɑli
test_000114,kɔlɪd͡ʒɪz
test_000115,mɪsnoʊməɹ
test_000116,bəhæɪvjəɹəl
test_000117,nɒstæld͡ʒə
test_000118,ɹɛvəleɪʃən
test_000119,ɒbzəveɪʃn̩
test_000120,nəpɛnθi
test_000121,boʊnhɛd
test_000122,tɒksɪn
test_000123,pɹəfeʃənəl
test_000124,ɪkweɪʒən
test_000125,kəɹəʊsɪv
test_000126,sækɹɪfaɪsɪz
test_000127,hɛzəteɪt
test_000128,kəʉv
test_000129,weɪstlænd
test_000130,ɛnimɔ
test_000131,sɪmetɹɪkəl
test_000132,dɑkjədɹɑmə
test_000133,tɘɹiəɹiɘm
test_000134,sæɪdəzəm
test_000135,sɪdeɪt
test_000136,wɑt͡ʃdɑɡ
test_000137,lɑkɪt
test_000138,stɹætəsfɪɚ
test_000139,pɹɒsɪkjuʃən
test_000140,ləd͡ʒɪtɪməsi
test_000141,bæɡ
test_000142,sɪɡɑz
test_000143,seɪdɪzəm
test_000144,pɝlju
test_000145,ɡɹæɪt
test_000146,kəmpɑzɪt
test_000147,oθəɹɑezæɪʃən
test_000148,pɹɑbəbɪlɪstɪk
test_000149,ɪkskɹuʃieɪtɪŋ
test_000150,sɪlæntɹəʊ
test_000151,wɒɹənt
test_000152,ɛɚlum
test_000153,stɹaɪdənt
test_000154,hɑɹtstɹɪŋz
test_000155,ɛntisɐʉʃəl
test_000156,ænəteɪt
test_000157,nəʊtəbl̩
test_000158,ənkləʊzd
test_000159,kʌmkwɒt
test_000160,kəɹeɪd͡ʒəs
test_000161,foɹmətɪv
test_000162,tɛmpərərɪli
test_000163,pʌls
test_000164,əkskɹʉʃiæɪtəŋ
test_000165,moʊdəs
test_000166,njuɑns
test_000167,ʌnweɪvəɹɪŋ
test_000168,ɛnəlɒɡ
test_000169,kɒmpæʊnd
test_000170,ɡɹəʊn
test_000171,leɪbɚd
test_000172,fɛəɹiz
test_000173,ɪmpɜmɪəbəl
test_000174,kəmpæɹɪsən
test_000175,nɑɡ
test_000176,ɪntəɡɹæɪt
test_000177,kɔmpæɔnd
test_000178,bɛɹɪŋ
test_000179,sɪkludɪd
test_000180,zaɪɡəʊt
test_000181,ænətɔmɪkəl
test_000182,kɑnd͡ʒʌŋktaɪvəl
test_000183,lænjəd
test_000184,hoʊməfoʊb
test_000185,soʊl
test_000186,d͡ʒɑp
test_000187,ɔkɪstɹə
test_000188,ɪmpjʊdənt
test_000189,ɹækun
test_000190,dɛəz
test_000191,ɑɡjəmɛnteɪʃən
test_000192,pjʊɹ
test_000193,mɑnəlɔɡ
test_000194,kɹɑsɪŋ
test_000195,pleɪɚ
test_000196,tɜki
test_000197,supɚ
test_000198,ɔɹɡənaɪz
test_000199,tɹəvɝst
test_000200,dɪspɹəpɔʃənətli
test_000201,elʉm
test_000202,kəʊ̯stə
test_000203,ɑksikoʊdoʊn
test_000204,pɹəd͡ʒektə
test_000205,lɛɡmæn
test_000206,pɹaɪməɹi
test_000207,jʉbɪkwɪtəs
test_000208,dɪvaɪs
test_000209,ʃɐtl̩kɔk
test_000210,dɐʉnə
test_000211,pɹɑbəbɪlɪstɪk
test_000212,steɪtəs
test_000213,kwɑdɹɪpəlid͡ʒɪk
test_000214,fɒks
test_000215,ɹɛəɹəti
test_000216,daɪkɒtəməs
test_000217,kəmjunɪti
test_000218,θɪŋkə
test_000219,kaɪɹəpɹæktɚ
test_000220,ɐplɐʉd
test_000221,ɡæɡ
test_000222,dəsønəŋ
test_000223,koɹtɪsɔl
test_000224,ɪnkʌmbənt
test_000225,pɹədjʉsə
test_000226,blɛəɹz
test_000227,ɪnoɡjəɹæɪt
test_000228,pəʊt
test_000229,wɜdz
test_000230,pɹɛdnɪsələʊn
test_000231,bɪsaɪd
test_000232,səpɹimʌm
test_000233,sʌbstɪtjutɪd
test_000234,dɹɔbæk
test_000235,ɡɹɑɡɹəm
test_000236,pɹoʊnaʊn
test_000237,ɪmbæɹəsɪŋ
test_000238,sɝkəs
test_000239,mɐnəteɹi
test_000240,kuθ
test_000241,sɜtɪfɪkæɪʃən
test_000242,blaɪ̯ndfɔʊ̯ld
test_000243,pɜt
test_000244,kædi
test_000245,stɔ
test_000246,klɔt
test_000247,ɡloɹi
test_000248,kɒmɛnts
test_000249,wɔtəweɪ
test_000250,tɜbjələnt
test_000251,t͡ʃeɪmbɚlɪn
test_000252,hɑti
test_000253,bɪhæɪvjəɹəl
test_000254,ɑsaɪn
test_000255,ɡɹaʊndbɹeɪkɪŋ
test_000256,ɹɛtəɹ
test_000257,pɒlətəʃənz
test_000258,hɑɹmɑnɪk
test_000259,wɔfɛə
test_000260,mɒnətɒnək
test_000261,tɛɡ
test_000262,fæɡ
test_000263,dɔŋɡə
test_000264,tɛljʊəɹɪən
test_000265,dɑɹndɪst
test_000266,kɒmɹeɪd
test_000267,steɪkhəʊldə
test_000268,tɛmpɚət͡ʃɚ
test_000269,hæŋ
test_000270,pɐʃiɛlɘti
test_000271,mɐʉ
test_000272,mʌðɚhʊd
test_000273,teknɪkəl
test_000274,ləʊkəlɪzəm
test_000275,hɑtlɪs
test_000276,ɪmpɪɹiəlɪzəm
test_000277,aɪtəmz
test_000278,d͡ʒiɒləd͡ʒi
test_000279,əɹəʊbɪks
test_000280,aɪtəmz
test_000281,sɪbɪlənt
test_000282,kuli
test_000283,kɹɒkəɹi
test_000284,stɛɚ
test_000285,fɔltəɹ
test_000286,kɑmpaʊnd
test_000287,lɑɹd
test_000288,ɪntɝmənt
test_000289,bodwok
test_000290,ɹɪspɔnsəbɪləti
test_000291,blʉ
test_000292,jɛm
test_000293,ədmɪnɪstə
test_000294,fɛəɹiz
test_000295,ælməkæntɚ
test_000296,ɒɹeɪʃən
test_000297,flɑks
test_000298,ɹeɹəti
test_000299,nɒnsəns
test_000300,əlʊəɹɪŋ
test_000301,kotəsɒl
test_000302,kuθ
test_000303,flæʃlɑet
test_000304,peɪtəntli
test_000305,stɹɪkt͡ʃə
test_000306,tɛɡ
test_000307,kɒləd͡ʒəz
test_000308,tɝki
test_000309,ɛəlum
test_000310,fɒɹɪnəz
test_000311,dɪsəɡɹimənt
test_000312,bæɪs
test_000313,əkjumjʊleɪtɪd
test_000314,seɪdɪzəm
test_000315,ɹɪklʉs
test_000316,pəɹɑksaɪd
test_000317,ɹæʃənəlaɪz
test_000318,hɪpəʊkɹæs
test_000319,wɛðɚ
test_000320,nɑstæld͡ʒə
test_000321,ænəlɔɡ
test_000322,ɪnvɑlvd
test_000323,wəðstʊd
test_000324,pɹiviəsli
test_000325,lɑksmɪθ
test_000326,dɪfə
test_000327,əses
test_000328,pɹədusɚ
test_000329,ɔltəkeɪʃn̩
test_000330,tekstaɪl
test_000331,ɹɪdjʉs
test_000332,pɹaɪmɛɹəli
test_000333,skwikəɹ
test_000334,kændədət
test_000335,dɑekɔtəmi
test_000336,θɹupʊt
test_000337,kuli
test_000338,sɐðɘli
test_000339,ɛnd͡ʒɪnɪəɹɪŋ
test_000340,hupu
test_000341,ʌntoʊld
test_000342,təɹɛəɹɪəm
test_000343,bɔɪləɹpleɪt
test_000344,ɹed͡ʒəstə
test_000345,stændədaɪzeɪʃən
test_000346,ɛd͡ʒaɪl
test_000347,əvɝt
test_000348,kɔntɹədɪktəɹi
test_000349,pjutətɪvli
test_000350,fləʊteɪʃən
test_000351,ɹæm
test_000352,pɹɒm
test_000353,pʊɹi
test_000354,hiliɛə
test_000355,kɑɹtəlɪd͡ʒ
test_000356,lɑbi
test_000357,ðɛəɹəbaʊt
test_000358,kɒntəmpleɪt
test_000359,nɑnəd͡ʒɪnɛriən
test_000360,lɛd͡ʒɪsleɪtɪv
test_000361,bəʉ̯ɡəs
test_000362,deəz
test_000363,daɪvɜd͡ʒənt
test_000364,boʊ̯ɡəs
test_000365,ɛmbəʃən
test_000366,kon
test_000367,dæɪ̯
test_000368,floʊtəɹ
test_000369,ɹɪspɔnsəbɪləti
test_000370,peɪliəntɒləd͡ʒi
test_000371,pɹɑeməɹɪli
test_000372,pjutətɪvli
test_000373,kwɔtɚmɑstə
test_000374,aɪtəmz
test_000375,æmbɪɡjuəs
test_000376,sob
test_000377,ewæɪ
test_000378,kætəstɹɔfɪk
test_000379,dəʊnʌt
test_000380,ɡʌvənmənts
test_000381,bʊldəʊz
test_000382,sɜkəs
test_000383,moʊzeɪɪk
test_000384,tiθ
test_000385,nesəseɹəli
test_000386,kɑnstɪtjut
test_000387,seɪdɪzəm
test_000388,ləd͡ʒɪtɪməsi
test_000389,ɡɹɛn
test_000390,pɑləsiz
test_000391,ɹæɡ
test_000392,ɑzmoʊ̯sɪs
test_000393,kənɒnəkəl
test_000394,ɹəʉl
test_000395,pɜslən
test_000396,føɹi
test_000397,kɑlɪd͡ʒɪz
test_000398,æləʊz
test_000399,spɛktækjəlɚ
test_000400,kɑnɪvɔ
test_000401,neɪsaɪ
test_000402,ɪntənet
test_000403,nɒstæld͡ʒə
test_000404,flæp
test_000405,dɪfɛnɪstɹeɪʃən
test_000406,ɪmpɛɹətɪv
test_000407,kənisɪks
test_000408,dɪskɹɪmənæɪt
test_000409,lɛm
test_000410,ɪnsaɪ̯t
test_000411,festəvəl
test_000412,zaɪɡəmætɪk
test_000413,ɑbɪtəɹ
test_000414,sɪɡɑɹ
test_000415,lɛvɚ
test_000416,stɹɑedənt
test_000417,ɡlæd
test_000418,ɡlæd
test_000419,wʌndɚ
test_000420,ʌnfɔsin
test_000421,hɐt
test_000422,klɑt
test_000423,foʊkəst
test_000424,lɑd
test_000425,kɑləɹə
test_000426,baɪə
test_000427,daɪhɑɹd
test_000428,skɪpɚ
test_000429,klɔt
test_000430,ɑetəmz
test_000431,fəʊkəst
test_000432,ɡɒsɪpɪŋ
test_000433,mizəlz
test_000434,pɔləsiz
test_000435,mænjəfækt͡ʃəɹɚz
test_000436,plænɪt
test_000437,ɪmpɑsɪbɪliti
test_000438,ɪmbæɹəsɪŋ
test_000439,loɹdli
test_000440,kəmjunɪti
test_000441,dɑŋki
test_000442,kɒɹɪspɒndəns
test_000443,oɡənɑezæɪʃən
test_000444,ɡlɐʉbəlaɪzæɪʃən
test_000445,foʊnoʊɹəsɛpʃən
test_000446,pɹæns
test_000447,ɹefəɹənsəz
test_000448,mɛntɔ
test_000449,soʊn
test_000450,ɛlɪmənts
test_000451,ɹeɪvən
test_000452,ædɪtɪv
test_000453,dɪskɹɛdɪt
test_000454,kɒndɛmneɪʃən
test_000455,toɹəs
test_000456,əbe̞k
test_000457,ɪnɔɡjʊɹeɪt
test_000458,ɪɹɛɡjəlɛɹɪti
test_000459,muʃwɑɹ
test_000460,bɔldɚ
test_000461,hɔvə
test_000462,nɒvəlɪst
test_000463,fɪnɛs
test_000464,koɹtɪsɔl
test_000465,kuli
test_000466,kædi
test_000467,sɪmɛtɹɪkəl
test_000468,ful
test_000469,kɒmpəzət
test_000470,ɒltɜnətɪv
test_000471,aɪsətɹɑpɪk
test_000472,wiə̯ɹi
test_000473,θʌndəbɜd
test_000474,aɪsɑsəliz
test_000475,pɹɑsɪkjuʃən
test_000476,slænt
test_000477,dɪskɹepənsi
test_000478,kʌm
test_000479,dɪskʌst
test_000480,ætəmɪsɪti
test_000481,klɛvə
test_000482,ɪkaɪnəʊdɜm
test_000483,koʊtəɹi
test_000484,pɹɑvəndɚ
test_000485,kændɪdəsi
test_000486,pɝɡətɔɹi
test_000487,sʌbstɪtutɪd
test_000488,kɹɔs
test_000489,tɛɹwɑɹ
test_000490,kɒnsəkɹeɪtɪd
test_000491,til
test_000492,pɒsəbəl
test_000493,njut
test_000494,ɑɹbɪtɹeɪʃən
test_000495,pɑləmɑləd͡ʒi
test_000496,ʌphoʊlstəɹəɹ
test_000497,le
test_000498,æmbɪʃən
test_000499,ɡɹɑspt
test_000500,ʃɑtɡʌn
test_000501,stɛndədaɪzæɪʃən
test_000502,kʉθ
test_000503,nəʊmædɪk
test_000504,tɑpɪk
test_000505,odiɐʉ
test_000506,kɒmpəzɪt
test_000507,mətrɪkjəleɪʃən
test_000508,səpoʊzɪŋ
test_000509,tit͡ʃɚ
test_000510,ʃækəl
test_000511,doʊnɚ
test_000512,kəɹɒtɪd
test_000513,hɑɹtɪli
test_000514,læm
test_000515,hɒvə
test_000516,swɪt͡ʃbæk
test_000517,hɛviɚ
test_000518,fɑli
test_000519,klɐʉk
test_000520,kəmpɛɹəsən
test_000521,æɹəʉ
test_000522,zəʊθeɪkə
test_000523,plɪɹəʊmə
test_000524,splɛndɚ
test_000525,dəspɹəpoʃənətli
test_000526,stɛɚ
test_000527,daɪkɑtəmi
test_000528,klɑt
test_000529,kəʊv
test_000530,kwæɡmɑɪəɹ
test_000531,pɹɛsiənt
test_000532,ɹɪdjus
test_000533,kənfɔmɪti
test_000534,wɛstwəd
test_000535,ɐnsɜtənti
test_000536,kɒləd͡ʒəz
test_000537,kɹɔsɪŋ
test_000538,pɹoʊ̯ɡɹæm
test_000539,bəʊɡi
test_000540,ɪnfɹəstɹɐkt͡ʃə
test_000541,pəɹɔksɑed
test_000542,æbdɒmɪneɪliə
test_000543,kɹɒp
test_000544,moʊ
test_000545,ɛlbəm
test_000546,sɐʉl
test_000547,ænti
test_000548,skɛlətəl
test_000549,tɛmpəɹɛɹəli
test_000550,nəʊn
test_000551,kanɪvo
test_000552,tʌft
test_000553,lɪbɚtiz
test_000554,vɐlnəɹəbɪləti
test_000555,stɑpt
test_000556,kənsɪstəns
test_000557,netəzən
test_000558,dəlæɪ
test_000559,pɔsəbəl
test_000560,bælniɑləd͡ʒi
test_000561,sænəti
test_000562,ɹəʊl
test_000563,doʊnʌt
test_000564,stɒpt
test_000565,æplɪkeɪʃən
test_000566,netɪzən
test_000567,dɑekɔtəməs
test_000568,ɪmpətɜbəbl̩
test_000569,bɛɹən
test_000570,lɒbi
test_000571,stewel
test_000572,we
test_000573,nʊɹəsθɛnɪk
test_000574,ɑməməntɛəɹiəm
test_000575,kɒndɔ
test_000576,ɹɒŋli
test_000577,ɔfɪsɚz
test_000578,tɑpɪks
test_000579,ɹutələnt
test_000580,netɪzən
test_000581,lɔbi
test_000582,wɑndɚlʌst
test_000583,æɹəʉ
test_000584,pɹoʊkɹæstɪneɪʃən
test_000585,əlɑenmənt
test_000586,jukæɹioʊt
test_000587,toʊəɹ
test_000588,pɹəʊkæɹiəʊt
test_000589,ɡɹaʊlə
test_000590,hæŋ
test_000591,sɪlvəpæst͡ʃəɹ
test_000592,pɝt
test_000593,ɡʌvɚnmənt
test_000594,hɑm
test_000595,sɔɹb
test_000596,klɒt
test_000597,əblɪtəɹæɪtɪd
test_000598,pɑləsiz
test_000599,ɑɹkɪtaɪp
test_000600,sædɚ
test_000601,pɹɑeməɹi
test_000602,ɪmjənɑlədʒi
test_000603,mɒnətəʊn
test_000604,sɝtɪfɪkeɪʃən
test_000605,jʊəɹɪneɪtə
test_000606,ɹipɚkʌʃən
test_000607,kæntinə
test_000608,ɡlɛd
test_000609,pæɹəksɪzəm
test_000610,domɪtɹi
test_000611,kɒmpəzɪʃən
test_000612,ɪnfɹəstɹʌkt͡ʃə
test_000613,ɡɛɡ
test_000614,ɡɹɑsp
test_000615,hɛɹoʊɪzəm
test_000616,mɛdoʊ̯
test_000617,bɪɡə
test_000618,naɪ̯t
test_000619,bəʊtaɪ
test_000620,kənɑnɪkəl
test_000621,kwɒdɹɪpəlidʒɪk
test_000622,bɹeɪ̯n
test_000623,kɹɒsəŋ
test_000624,ɛɚlum
test_000625,səbmɝd͡ʒ
test_000626,læm
test_000627,bɹeɪnt͡ʃaɪld
test_000628,æpləkæɪʃən
test_000629,mæɡnælɪti
test_000630,bɑɹkɪŋ
test_000631,pæɹəɡəʊd͡ʒi
test_000632,pɹɒvɪndə
test_000633,fɑks
test_000634,nɛnjʊfɑ
test_000635,pəʊljəʊ
test_000636,kɒmpaʊnd
test_000637,dɪzɑstə
test_000638,hæɹiə
test_000639,tʃʉbɜkjələʉsəs
test_000640,fɔli
test_000641,pɒlɪtɪʃənz
test_000642,hɪkəp
test_000643,ælbəm
test_000644,hjuɹɪstɪks
test_000645,mʌnɪtəɹi
test_000646,leɪ̯ɚ
test_000647,twɛntiəθ
test_000648,kɔɹəspɑndɪŋ
test_000649,sɜtɪfɪkeɪʃən
test_000650,kɑmpəzɪʃən
test_000651,tɝmɪneɪtɚ
test_000652,sɜli
test_000653,fʌlmɪneɪt
test_000654,mɘdɘl
test_000655,fɒli
test_000656,ɔtəmeɪʃən
test_000657,bʌd͡ʒəɹiɡɑɹ
test_000658,ɑkɪtaɪp
test_000659,sob
test_000660,ɔtʌmnəl
test_000661,fɛntɑləmin
test_000662,bɹɛθ
test_000663,ɹəʊtɪfə
test_000664,pæɪtɹiət
test_000665,stændədɑezæɪʃən
test_000666,pɹoʊ̯ɡɹæm
test_000667,fɛstəvəl
test_000668,tubɝkjʊloʊsɪs
test_000669,kɹɪd͡ʒulɪti
test_000670,ɪnt͡ʃɑntɪd
test_000671,dɪfɔm
test_000672,kɔɹɪspɔndəns
test_000673,skelətəl
test_000674,pɹeɪz
test_000675,æmbɪʃən
test_000676,fəʉkəst
test_000677,fɔmətɪv
test_000678,klɔt
test_000679,təɹɛɹiəm
test_000680,kəʊl
test_000681,əhɑnə
test_000682,le
test_000683,ɹɪfɜɹəl
test_000684,ɛəlum
test_000685,aɪtəmz
test_000686,ɡlɑsəleɪliə
test_000687,kɒlɪd͡ʒɪz
test_000688,əɹɪd͡ʒɪnəl
test_000689,kɔmpjʊtæɪʃənəl
test_000690,pəɹɒksaɪd
test_000691,ɑbzɚveɪʃn̩
test_000692,vɐlnəɹəbɪləti
test_000693,kæɹɪkətʃʊə
test_000694,peɪtɹiət
test_000695,tɔɹəs
test_000696,pɪtə
test_000697,dəspɹəpoʃənətli
test_000698,oʊmɪk
test_000699,ɔɹməlu
test_000700,livə
test_000701,flunʌɪtɹeɪzɪpam
test_000702,mɔɹɡən
test_000703,kændɪdəsi
test_000704,daɪkɑtəməs
test_000705,ɪvɒlv
test_000706,ɪkweɪʒən
test_000707,steə
test_000708,steɪkhəʊldə
test_000709,pɹɐʉkɹɛstənæɪʃən
test_000710,vʌlnəɹəbɪlɪti
test_000711,faɪ̯əwɜks
test_000712,vælɪdɪktəɹi
test_000713,sɪŋɡjʊləli
test_000714,kɔnfleɪks
test_000715,kʌntɹɪfʌɪ
test_000716,ælbəm
test_000717,pɹɒsəkjʉʃən
test_000718,kəmɪʃənəz
test_000719,viəkl̩z
test_000720,læŋɡə
test_000721,pɹɔbəbɪlɪstɪk
test_000722,həʊməfəʊb
test_000723,led͡ʒɪslətɪv
test_000724,mʌməɹ
test_000725,lekt͡ʃə
test_000726,ɛntisɐʉʃəl
test_000727,ɹæɡ
test_000728,nɑmɪneɪt
test_000729,kəmpɛɹəsən
test_000730,ðɛmsɛlvz
test_000731,kænjʊlə
test_000732,ɡɹoʊn
test_000733,stɹɔŋhoʊld
test_000734,plɛnət
test_000735,sɒmbə
test_000736,pɹɐʉkɹɛstənæɪʃən
test_000737,hæv
test_000738,koʊwɝkɚ
test_000739,kənɡlɔməɹət
test_000740,bɑsk
test_000741,wɪðstʊd
test_000742,kəlæps
test_000743,kɒmplɪmənts
test_000744,ɡləʊd
test_000745,æmbɪɡjuəs
test_000746,kæləbəɹ
test_000747,tɹaɪpɑd
test_000748,sævɪd͡ʒ
test_000749,njʊəɹəsθɛnɪk
test_000750,ɡʌvəmənt
test_000751,æntisoʊʃəl
test_000752,kʌvəɹɪdʒ
test_000753,θinɑɹ
test_000754,mɐf
test_000755,kəʊ̯stə
test_000756,bed
test_000757,bɪliɡɚ
test_000758,snuz
test_000759,koʊv
test_000760,ɹut
test_000761,kənɡlɔməɹət
test_000762,sɛkɹɪfɑe̯sɪz
test_000763,taɪɹoʊ
test_000764,əkwæɪʒən
test_000765,ɡɛkəʊ
test_000766,ɹəføɹəl
test_000767,hɛmpstə
test_000768,kʌstəmə
test_000769,fɹi
test_000770,ɹufəɹ
test_000771,tufoʊld
test_000772,wɑʃɪz
test_000773,sɛtʌp
test_000774,tɑtɚ
test_000775,fɑtlɛk
test_000776,ɑkeɪɪk
test_000777,æntisəʉʃəl
test_000778,pjʊəɹəst
test_000779,ænəlɒɡ
test_000780,bɹaʊzəɹs
test_000781,ɡæŋə
test_000782,ɛɹɪθimə
test_000783,ɪmidiɪt
test_000784,ɹəvin
test_000785,kəʊkənʌt
test_000786,boʊnz
test_000787,ɑɹkeɪɪk
test_000788,ewæɪ
test_000789,mʌni
test_000790,dæɪnd͡ʒə
test_000791,ɪkskɹuʃieɪtɪŋ
test_000792,ɹoʊ̯tʌnd
test_000793,skaɪskɹeɪpəɹ
test_000794,nəʊtəbl̩
test_000795,wilhaʊs
test_000796,æsɪdoʊfɪlɪk
test_000797,le
test_000798,pɹezəvæɪʃən
test_000799,koʊt͡ʃmən
test_000800,naɪtd͡ʒɑ
test_000801,ɛnimɔɹ
test_000802,kɒɹəspɒndəns
test_000803,flɒks
test_000804,vɪlɪd͡ʒɚ
test_000805,pɹiviəs
test_000806,fɐʉkəst
test_000807,bæm
test_000808,oʊvəɹɹiækt
test_000809,pæɹəɡoʊd͡ʒi
test_000810,wɛðɚ
test_000811,ɡæɡ
test_000812,ɪkweɪʒən
test_000813,bɪstoʊ
test_000814,kɐʉkənɐt
test_000815,sɐʉsiɒləd͡ʒi
test_000816,sɝkəmstæns
test_000817,pɔlɪtɪʃənz
test_000818,aɪtəmz
test_000819,ɛɹɪθimə
test_000820,lɪniəɹ
test_000821,ɑɹkiɑləd͡ʒi
test_000822,pɹɛzəveɪʃən
test_000823,ækjupʌŋkt͡ʃɝ
test_000824,ɔɹdɪnɛɹɪli
test_000825,skeɪtbɔɹd
test_000826,aɪtəmz
test_000827,skɘpɘ
test_000828,bɪhæɪvjəɹəl
test_000829,fɔɹɪnɚ
test_000830,jɜt
test_000831,kɑntəmpleɪtɪd
test_000832,noʊtɪfɪkeɪʃn̩
test_000833,pɹɑbləmz
test_000834,ɹəʉdənt
test_000835,lɔɹɪs
test_000836,ʌnsɜtənti
test_000837,abɪtəɹ
test_000838,pəʃʉt
test_000839,noʊmɑn
test_000840,pɹɑeməɹɪli
test_000841,pʌpɪt
test_000842,lɒɡə
test_000843,məsʊɹ
test_000844,kəʊt͡ʃmən
test_000845,mæn
test_000846,hjumɚ
test_000847,ɡlɛd
test_000848,dɹɪvəl
test_000849,əstɜ
test_000850,fɜɹi
test_000851,pɛpə
test_000852,əlaɪnmənt
test_000853,bʌd͡ʒəɹiɡɑ
test_000854,fɪkst͡ʃə
test_000855,taɪpɒɡɹəfi
test_000856,sækəɹɪn
test_000857,spɑɹkəl
test_000858,plæ̝ɪ̯smənt
test_000859,koʊkənʌt
test_000860,fɹeɪ̯z
test_000861,əkɝ
test_000862,pɛɹɪniəm
test_000863,leɪbəz
test_000864,sɪɡnɪt͡ʃə
test_000865,kuθ
test_000866,hɝbɛɹiəm
test_000867,ɪnklud
test_000868,məʉdəs
test_000869,naɪtd͡ʒɑɹ
test_000870,vɑləntɪɹ
test_000871,ɹed͡ʒɪstə
test_000872,ʌnpɹesədentəd
test_000873,ɹoʊdənt
test_000874,dəʉnə
test_000875,dɪsəɡɹimənt
test_000876,tɹəvɜst
test_000877,ɪɹɪspɒnsəbli
test_000878,læŋɡwəd
test_000879,ʃɔtɡɐ̞n
test_000880,hɛɡ
test_000881,ɪkwæɪʒən
test_000882,əkjumjəleɪtɪd
test_000883,fjunəɹɛɹi
test_000884,ɹɪspɒnsəbɪlɪti
test_000885,ɡlɒsəleɪliə
test_000886,lɒŋɡɪtjudɪnəl
test_000887,blez
test_000888,bed
test_000889,ænətɒmɪkəl
test_000890,faɪəɹwʊd
test_000891,væɪkənsi
test_000892,fɹʌnt
test_000893,mʌɡl̩
test_000894,oɡənaɪzæɪʃən
test_000895,kəʉkənɐt
test_000896,dʌvkɒt
test_000897,ɡɹɐʉn
test_000898,kəʊkənʌt
test_000899,oʊbeɪ
test_000900,ɹədjʉsəz
test_000901,duədinəm
test_000902,kəlɒmətə
test_000903,wilhaʊs
test_000904,pɹikəndəʃən
test_000905,spɛktækjʊlə
test_000906,bʌtɪnski
test_000907,pɹəʉɡɹæm
test_000908,noʊmædɪk
test_000909,əkskɹʉʃiæɪtɪŋ
test_000910,dəʉnə
test_000911,ɔfʊl
test_000912,kɒt͡ʃɪnil
test_000913,ɐkæɪɪk
test_000914,ʌmpaɪɹ
test_000915,ɹepɹɪzent
test_000916,sɛksɛniəm
test_000917,ɛɡziɡjuiti
test_000918,kɒmpəzɪt
test_000919,ɹʊɹəl
test_000920,fɜɹi
test_000921,pæɪtɹiət
test_000922,meɪlstɹəm
test_000923,stɛɹwɛl
test_000924,kənvɜtɪd
test_000925,bæɡ
test_000926,blɛəɹz
test_000927,sɝkəs
test_000928,ɪɹɪŋ
test_000929,haʊstɑp
test_000930,ɹɛfəɹi
test_000931,saɪnəfəʊbiə
test_000932,kʌmkwɑt
test_000933,ɡɹæn
test_000934,skləɹɒtɪk
test_000935,nɒkʃəs
test_000936,pɹoʊtəmin
test_000937,kætəstɹɒfɪk
test_000938,bʊɹdən
test_000939,lɑbi
test_000940,pɚsɛnt
test_000941,aɪtəmz
test_000942,pɹəʊ̯ɡɹæm
test_000943,smol
test_000944,vɒləntɪə
test_000945,hɑməʊniəs
test_000946,fomətɪv
test_000947,stɔɹ
test_000948,ɹəneɪsəns
test_000949,pɑɹʃiælɪti
test_000950,bʊʃ
test_000951,tɛliɑləd͡ʒi
test_000952,aɪsəʊ
test_000953,sʌðəli
test_000954,ɪnspɚeɪʃən
test_000955,ɹipəkɐʃən
test_000956,wɔɹfɛɹ
test_000957,ɪməʊʃənəl
test_000958,ɪljumɪneɪʃən
test_000959,kotəsɒl
test_000960,antəʉld
test_000961,slɑnt
test_000962,kɔtɪsɒl
test_000963,ɑɡɑɹ
test_000964,ʌntəʊld
test_000965,kɹɑsɪŋ
test_000966,hɑmənɪm
test_000967,səfaɪs
test_000968,ɔtɪstɪk
test_000969,tʃɑeld
test_000970,fəɹɑsɪti
test_000971,led͡ʒɪslətɪv
test_000972,səpɹimɐm
test_000973,supɚnjuməɹɛɹi
test_000974,æntisəʊʃəl
test_000975,snɐf
test_000976,mænjʊfækt͡ʃəɹɪŋ
test_000977,ʌpɹut
test_000978,flæɪvə
test_000979,ɔɹməlu
test_000980,dɔmɪtɹi
test_000981,livə
test_000982,θɪərɪak
test_000983,blɔɡ
test_000984,lɪbəɹeɪt
test_000985,sɪɡɑɹ
test_000986,kənɒnɪkəl
test_000987,məʊ
test_000988,ɪəɹɪŋ
test_000989,ədvɑnsɪŋ
test_000990,kaɪɹəpɹæktɚ
test_000991,ste
test_000992,pɹəvoʊkt
test_000993,bæntə
test_000994,noʊtəbl̩
test_000995,smɔl
test_000996,dɪskʌst
test_000997,mɛdoʊ̯
test_000998,plʊəɹə
test_000999,vudu
test_001000,laɪbɹɛə̯ɹiən
test_001001,pɔləsiz
test_001002,oʊvɚsoʊl
test_001003,lænjɚd
test_001004,tæpæs
test_001005,daɪkɑtəməs
test_001006,daɪæspəɹə
test_001007,jɔl
test_001008,pɑzɪtɪvɪzm
test_001009,bɪnaɪn
test_001010,tæɡ
test_001011,dɪstɜb
test_001012,ɒbd͡ʒɛktɪv
test_001013,bɛəli
test_001014,kənfjuz
test_001015,sɛkɹɪfɑe̯sɪz
test_001016,vɔwəd
test_001017,koʊv
test_001018,ɪntɚnɛt
test_001019,ɐkiɔləd͡ʒi
test_001020,wæɪd͡ʒəɹ
test_001021,bɹɪŋkmənʃɪp
test_001022,ɡɛkoʊ
test_001023,æŋkəloʊsɔɹəs
test_001024,ɹæɡ
test_001025,ɡləʉbəlɑezæɪʃən
test_001026,dəlæɪ
test_001027,sɝmɛt
test_001028,ɪnt͡ʃænt
test_001029,plænjʊlə
test_001030,fɝvɪd
test_001031,tɔt͡ʃəd
test_001032,ɑkiɒləd͡ʒi
test_001033,pjutətɪvli
test_001034,ɪnvɛstɪt͡ʃə
test_001035,dɒm
test_001036,dɹəvəl
test_001037,koʊ̯stɚ
test_001038,ʃiθəɹ
test_001039,ɑməd
test_001040,nɛsəsəɹɪli
test_001041,tøbjələnt
test_001042,ɪkskɹuʃieɪtɪŋ
test_001043,dɪskɹɛpənsi
test_001044,fəʉkəst
test_001045,feəɹiz
test_001046,daɪhɑd
test_001047,kəʉl
test_001048,ɹɒb
test_001049,dɑevɜd͡ʒənt
test_001050,søkəs
test_001051,tɹɪtiəm
test_001052,dɪskɹɪməneɪt
test_001053,əlud
test_001054,d͡ʒiɔləd͡ʒi
test_001055,pætəntli
test_001056,ɛɡzɔt
test_001057,pɹɒvɜb
test_001058,jukæɹiəʊt
test_001059,dəskɹepənsi
test_001060,dɪsəplənəɹi
test_001061,lɑteɪ
test_001062,skləɹɑtɪk
test_001063,ɡɹænəɹi
test_001064,ɑɹkiɑləd͡ʒɪst
test_001065,fɒks
test_001066,pɹæɪz
test_001067,mɪʃənəɹiz
test_001068,dɪspɹəpoʃənətli
test_001069,flæʃlɑet
test_001070,mɔnətəʉn
test_001071,t͡ʃeɪ̯mbɚ
test_001072,kɔɹɔɪd
test_001073,bɪɚ
test_001074,kwæɡmaɪəɹ
test_001075,fɑksi
test_001076,fɛəɹiz
test_001077,dɛəz
test_001078,pɹədjʉsə
test_001079,ɹʊəɹəl
test_001080,tɛlɪfəʊn
test_001081,pɹəʊzɪt
test_001082,kɒɹɪspɒndəns
test_001083,mɒnɪməʊlɪmnɪən
test_001084,mɐstə
test_001085,moʊdəs
test_001086,ɛɡzɛmplə
test_001087,ɹɛd͡ʒɪstə
test_001088,bɹiðɪŋ
test_001089,ənhəʊlsəm
test_001090,melənən
test_001091,tɔɹt͡ʃɚd
test_001092,leɪə
test_001093,hʌɪəʊsʌɪəmin
test_001094,ɡʌvɚnmənts
test_001095,wɐndə
test_001096,æmbɪɡjuəs
test_001097,pɒlɪɡlɒt
test_001098,ɪnspɛktɚ
test_001099,kləʊnəl
test_001100,ɡəʊld
test_001101,ɡɹanəɹi
test_001102,blɒɡ
test_001103,kəɹektɪv
test_001104,fiəsəm
test_001105,jufoɹiə
test_001106,ɡɐvɘnmɘnt
test_001107,stɛəd
test_001108,stɹaɪdənt
test_001109,sʌðəli
test_001110,səʊl
test_001111,ɹɪspɒnsəbɪlɪti
test_001112,ɡɹæʊndbɹæɪkəŋ
test_001113,tidɪəs
test_001114,pjʊɹəst
test_001115,sɜkəs
test_001116,t͡ʃɛstnʌt
test_001117,mɑtʃɪz
test_001118,mɒnətəʊn
test_001119,skeɪlə
test_001120,kəmpæɹɪsən
test_001121,sɛkjʊlə
test_001122,hɑɹmoʊniəs
test_001123,ɔtɒnəməs
test_001124,nænəʊmitə
test_001125,fɜvɪd
test_001126,tændʊɹi
test_001127,wæestlɛnd
test_001128,mənɑpsəni
test_001129,flaɪ̯t
test_001130,meɪdsɜvənt
test_001131,wɑʃt
test_001132,tɛləkəmjutɪŋ
test_001133,vɪʒʊəlaɪz
test_001134,əmbɪtəɹ
test_001135,nɒsɒləd͡ʒi
test_001136,mɒnətɐʉn
test_001137,fed
test_001138,əkø
test_001139,mæɡnælɪti
test_001140,nɛnjəfɑɹ
test_001141,fɒli
test_001142,lɑl
test_001143,pɹikəndɪʃən
test_001144,pɹɒdʌktɪvəti
test_001145,skʌldʌɡəɹi
test_001146,pælɚ
test_001147,sæɡ
test_001148,ɡæðɚd
test_001149,dɑekɔtəmi
test_001150,pæɪtɹiət
test_001151,pɹɑns
test_001152,ɑetəmz
test_001153,ɹɛk
test_001154,ɛnsɔɹsəl
test_001155,bɪhæɪvjəɹəl
test_001156,kɹənɑləd͡ʒi
test_001157,əbskjʊɹɪti
test_001158,pləɹoʊmə
test_001159,daɪd͡ʒənɛtɪk
test_001160,ɹɛpɹɪzɛnt
test_001161,tɹɛnsfəɹəns
test_001162,nɔmɪnæɪt
test_001163,ful
test_001164,tɹænsfɝəns
test_001165,kɹənɒləd͡ʒi
test_001166,weɪd͡ʒəɹ
test_001167,sɑɹdin
test_001168,kɔɹəneɪʃən
test_001169,hʊkə
test_001170,sækɹɪfaɪsɪz
test_001171,mɛdiivəl
test_001172,əbd͡ʒektɪv
test_001173,tɹænsfɝəns
test_001174,kəmpjutɚ
test_001175,fɹoʊz
test_001176,njuɑns
test_001177,əsɛndənt
test_001178,ɪmpeɹətɪv
test_001179,tʉfɐʉld
test_001180,kɔn
test_001181,dəfaɪl
test_001182,klɐb
test_001183,səfaɪs
test_001184,tɝbət
test_001185,pɛɹəniəl
test_001186,bɛəli
test_001187,kɒntəmpleɪtɪd
test_001188,pɑɹtɪʃən
test_001189,doʊ̯meɪ̯n
test_001190,ɛmbəʃən
test_001191,ɔɹdeɪnd
test_001192,ɔɪntmənt
test_001193,fɹækt͡ʃɚ
test_001194,lɛm
test_001195,flɛʃlɑet
test_001196,fɛd
test_001197,bɪheɪvjəɹəl
test_001198,veɪkənsi
test_001199,θɹisəm
test_001200,wɔp
test_001201,lɪniæɹəti
test_001202,bɪnaɪt
test_001203,ɑptɪkəl
test_001204,mɛlənɪn
test_001205,vɜnəl
test_001206,tætəl
test_001207,pɹɒbəbələstək
test_001208,ɹətɪkjʊleɪt
test_001209,ɑləɡɑpəli
test_001210,səfɑes
test_001211,t͡ʃɑnst
test_001212,wɒʃɪz
test_001213,mizli
test_001214,pɒlɪɡlɒt
test_001215,stɹaɪdənt
test_001216,jɑtsaɪt
test_001217,ɡləʊbəlaɪzeɪʃən
test_001218,pjʊə
test_001219,sɛpəɹæɪt
test_001220,ɡæɹɪsən
test_001221,nɑkt
test_001222,kɔnstɪtjʉt
test_001223,ɪmbɑm
test_001224,jutɪlətɛɹiən
test_001225,sloʊpɪŋ
test_001226,məhaʊt
test_001227,kwɝk
test_001228,mɒnətɒnɪk
test_001229,fomətɪv
test_001230,nəstæɫd͡ʒə
test_001231,əsɛs
test_001232,stɹætəsfɪə
test_001233,kloʊnəl
test_001234,bɪheɪvjəɹəl
test_001235,səfaɪs
test_001236,dɪspɹəpɔʃənətli
test_001237,ɡəʊlkipə
test_001238,lɑɹd
test_001239,sɜkəmstəns
test_001240,ɹədjʉsəz
test_001241,bɹɔdkæstɚ
test_001242,fləstɹeɪtɪd
test_001243,səljut
test_001244,nəɹæɪt
test_001245,fɪlɪsɪti
test_001246,ɛmfəbiəs
test_001247,lɛɡmæn
test_001248,munkeɪk
test_001249,kɑmpaʊnd
test_001250,skɔɹn
test_001251,ɹɪdjʉsɪŋ
test_001252,θɪriæk
test_001253,fɑ̟ɪ̯nd
test_001254,fʉl
test_001255,skaɪskɹeɪpɚ
test_001256,kənfjʉz
test_001257,dɪskɹɛpənsi
test_001258,æɹəʊ
test_001259,mɑbstɚ
test_001260,boʊtaɪ
test_001261,hɛtəɹədɑnt
test_001262,ød
test_001263,nəɡəʊʃieɪt
test_001264,bɪə̯
test_001265,dɪskɹɪmɪneɪt
test_001266,ɪnfɹəstɹʌkt͡ʃɚ
test_001267,ɹut
test_001268,əlaɪnmənt
test_001269,lɛkt͡ʃə
test_001270,ɪntenʃənəl
test_001271,deəz
test_001272,sɒlstɪs
test_001273,pɚsɛnt
test_001274,ɹɛktɪfaɪə
test_001275,teləkəmjʉtəŋ
test_001276,pɒʃ
test_001277,kuli
test_001278,bɪtəli
test_001279,eɡzɜpt
test_001280,netəzən
test_001281,ɹɐʉl
test_001282,ewæɪ
test_001283,pɑlə
test_001284,rəʊmants
test_001285,peə
test_001286,ɪntɛntʃənəl
test_001287,pɑkʊə
test_001288,ɔbɪfəʊld
test_001289,pɹaɪməɹəli
test_001290,ʌnlɛvn̩d
test_001291,hɑm
test_001292,twøl
test_001293,læŋɡwəd
test_001294,ɪəɹɪŋ
test_001295,dɪəɹɪst
test_001296,pɹɛʃiənt
test_001297,vʌlnəɹəbɪləti
test_001298,klɐʉk
test_001299,ɹɪspɒnsəbɪlɪti
test_001300,skeɪlɚ
test_001301,pɜlju
test_001302,odiɐʉ
test_001303,vɪskɑsɪti
test_001304,t͡ʃɐf
test_001305,pɹɑpəɡeɪʃən
test_001306,hɑɹdwɛɹ
test_001307,kəɹektli
test_001308,ɹeɪvn̩
test_001309,beəli
test_001310,bɜɹdz
test_001311,fʌlmɪneɪt
test_001312,sud
test_001313,kənfjʉz
test_001314,kwɔts
test_001315,ɪkwæɪʒən
test_001316,juhiməɹaɪz
test_001317,oɹɡənɪzeɪʃən
test_001318,dez
test_001319,pəɹuk
test_001320,sʌðəli
test_001321,fəɡɒt
test_001322,hɑtɪli
test_001323,əljud
test_001324,bɪheɪvjəɹəl
test_001325,fɹɛskəʊ
test_001326,kɒləmɪst
test_001327,stɛə
test_001328,hɑmɒnɪk
test_001329,kənfjuz
test_001330,pɹəʊkɹæstɪneɪʃən
test_001331,feɹiz
test_001332,splɛndə
test_001333,kəʊv
test_001334,ɔfən
test_001335,pɹikəndɪʃən
test_001336,ʌntoʊld
test_001337,pɑtɪkl̩
test_001338,sɪnθəsɪs
test_001339,bəhæɪvjəɹəl
test_001340,tøbjələnt
test_001341,sɪbəɹɪtɪk
test_001342,hɑpɪŋ
test_001343,pæpɑɹdɛleɪ
test_001344,pɑɹkʊɹ
test_001345,mɛdəʊ̯
test_001346,ɒltønətəv
test_001347,eləmənt
test_001348,stɒpt
test_001349,weðə
test_001350,ɡæɡ
test_001351,ɹɪspɛktɪv
test_001352,ɪnsɑe̯t
test_001353,əpɒn
test_001354,hɒvə
test_001355,kænɪbəlaɪz
test_001356,maɪtəkɒndɹiən
test_001357,kaɪɹəpɹæktəɹ
test_001358,sædə
test_001359,ləzɑnjə
test_001360,kævɚ
test_001361,noʊsɑləd͡ʒi
test_001362,kæləbɚ
test_001363,fluaksətin
test_001364,hɛzɪteɪt
test_001365,ɫænjəd
test_001366,snəʊz
test_001367,ɪnsaɪ̯t
test_001368,kaɪɹəpɹæktəɹ
test_001369,pɹoʊkæɹioʊt
test_001370,eləmənts
test_001371,bʌtɪnski
test_001372,fɪliəl
test_001373,fɛstɪvəl
test_001374,munkeɪk
test_001375,klʌb
test_001376,depjəti
test_001377,sɚveɪ̯ɚ
test_001378,bʌtɚmɪlk
test_001379,nəʉtəbəl
test_001380,pɹəvəʊkt
test_001381,sɛtʌp
test_001382,ɛləmənts
test_001383,jufɔɹiə
test_001384,ɹəkun
test_001385,skɔɹnɚ
test_001386,nɑɪ̯t
test_001387,fe
test_001388,ɹəʊdənt
test_001389,spɛndθɹɪft
test_001390,pɜv
test_001391,ɹədjʉsəz
test_001392,mæd͡ʒɪstəɹi
test_001393,ɪntɹədjust
test_001394,beɪl
test_001395,bɑtɛndəɹ
test_001396,doʊtɚd
test_001397,ɛə̯ɹəpleɪ̯n
test_001398,æmbɪʃən
test_001399,bɜɡ
test_001400,deɪnd͡ʒɚ
test_001401,kɝsɪz
test_001402,məʊlasɪz
test_001403,oʊvɚwɛlmd
test_001404,kləʉk
test_001405,pɒsɪbɪlɪtiz
test_001406,fɛɹeɪɑnɪk
test_001407,kɛɹfəl
test_001408,kʌm
test_001409,kɔtɪsɒl
test_001410,bʌd͡ʒəɹiɡɑɹ
test_001411,stɐft
test_001412,blɪŋkə
test_001413,dəɹaɪd
test_001414,kɒntækt
test_001415,ɑetəmz
test_001416,hɛksəʊs
test_001417,ɹɑndjʊɹ
test_001418,hjuməɹ
test_001419,vəlʌptʃʊəɹi
test_001420,bɹɛdbæskɪt
test_001421,ʃɑlət
test_001422,pɹəʊl
test_001423,fɔltə
test_001424,ənhoʊlsəm
test_001425,kɑstə
test_001426,kɑz
test_001427,pɒləsiz
test_001428,tɹɛnsfəɹəns
test_001429,eləmənt
test_001430,wɔɹʃɪp
test_001431,noʊblɚ
test_001432,slænt
test_001433,kʌstəmɚz
test_001434,mækɚ
test_001435,fælændʒ
test_001436,skɜ
test_001437,klæsɪz
test_001438,fɔməli
test_001439,bəɡoʊniə
test_001440,ɛlbəm
test_001441,soʊl
test_001442,ɪmplɔ
test_001443,fɹoʊ
test_001444,ɛɡzɪstɛnʃəlɪzəm
test_001445,wɒpə
test_001446,kwɔɹts
test_001447,kɛəɹiz
test_001448,lɒbstə
test_001449,wɒt͡ʃfəl
test_001450,ɪlɛktɚ
test_001451,ɡɛɡ
test_001452,fɛd
test_001453,ðiəz
test_001454,lɑd͡ʒɪst
test_001455,tɹeɪn
test_001456,məʃinz
test_001457,kəŋɡləʊb
test_001458,kɑndoɹ
test_001459,sɔɹtə
test_001460,bækwʊdz
test_001461,kəlɔmətə
test_001462,ɔɹbɪfoʊld
test_001463,olbiɪt
test_001464,ɑtʌmnəl
test_001465,ɑɹɡjəmɛnteɪʃən
test_001466,pɹɪpɒstəɹəs
test_001467,skɘpɘ
test_001468,pælpəbɹə
test_001469,ɹɪkʌɹənt
test_001470,fəʊbiə
test_001471,əkjumjʊleɪt
test_001472,ɹɛfəɹənsɪz
test_001473,hɑɹpɪŋ
test_001474,tɹævələz
test_001475,pjʉtətɪvli
test_001476,toʊ̯ɹəs
test_001477,pɑlɪɡlɑt
test_001478,wɝldz
test_001479,ænəlɒɡ
test_001480,bɒtjʊlɪzəm
test_001481,tɛkstaɪl
test_001482,pɛbəl
test_001483,seɪdɪzəm
test_001484,wʊps
test_001485,əlusədeɪt
test_001486,t͡ʃæɪnd͡ʒ
test_001487,kəmændə
test_001488,bɪtəɹli
test_001489,bʌtəmɪlk
test_001490,oɡənaɪzæɪʃən
test_001491,ɪntɒksɪkeɪtɪd
test_001492,bɒd͡ʒəɹ
test_001493,skaʊəɹɪŋ
test_001494,tɜbət
test_001495,ɡæsp
test_001496,əʊvəwɛlmd
test_001497,ɪmpɛɹətɪv
test_001498,stɛəwɛl
test_001499,blupə
test_001500,fɛəɹiz
test_001501,smɑm
test_001502,hjuɹɪstɪks
test_001503,blɛnd
test_001504,bɪɡæn
test_001505,pø
test_001506,fɹæɪ̯z
test_001507,hɛɡ
test_001508,iəɹəŋ
test_001509,əbe̞k
test_001510,slænt
test_001511,mɛtəmoɹfəsɪs
test_001512,əɹaʊnd
test_001513,pɝ
test_001514,baɪəʊdɹɔɪd
test_001515,ɹɪdjʉsɪz
test_001516,blɛəz
test_001517,ɛɹəɡənt
test_001518,kɔɹɔɪd
test_001519,destɪni
test_001520,kəɹəʊsɪv
test_001521,ænəlaɪz
test_001522,mɐmə
test_001523,kɪlɒmɪtə
test_001524,nɐʉtəbəl
test_001525,tɝbjələnt
test_001526,fəlɪsəti
test_001527,fɝməmənt
test_001528,d͡ʒɛlətɑləd͡ʒi
test_001529,ʌndəɹɡɹaʊnd
test_001530,fɔɹməli
test_001531,kɑbaɪd
test_001532,diə
test_001533,ɪmpɛɹətɪv
test_001534,tʃʉbøkjəlɐʉsəs
test_001535,ʌnfɔɹsin
test_001536,θɘk
test_001537,pɪnkʊʃn̩
test_001538,sʌspɛkt
test_001539,æsənəns
test_001540,fɚɡɛtɪŋ
test_001541,fɔməli
test_001542,kɹɛm
test_001543,peɪtɹiət
test_001544,kɑmplɪmənts
test_001545,flʌstɹeɪtɪd
test_001546,kɹɒsəŋ
test_001547,skɔnə
test_001548,nəstæɫd͡ʒə
test_001549,stæɪkhɐʉldə
test_001550,pɹəd͡ʒɛktɚ
test_001551,vudu
test_001552,daɪkɒtəməs
test_001553,mɒkteɪl
test_001554,ɫænjəd
test_001555,malkəntɛnt
test_001556,ɪntɑksɪkeɪtɪd
test_001557,næɹeɪt
test_001558,wɜkəz
test_001559,sækɹɪfaɪsɪz
test_001560,məʊdəs
test_001561,ləpɛl
test_001562,ɑɹɡjʊmənt
test_001563,e̝mpɘɹɘ
test_001564,ɪnvɒlvd
test_001565,pɹoʊkɹæstɪneɪʃən
test_001566,θʌndɚbɝd
test_001567,hoʊnd
test_001568,kɔntɹədɪktəɹi
test_001569,fɑɹtlək
test_001570,fɛntɒləmin
test_001571,biə̯
test_001572,səbələnt
test_001573,ɘkwɔtɘk
test_001574,pɝ
test_001575,kənfjuz
test_001576,pjʊə
test_001577,tʃaɪld
test_001578,kɑnsəkɹeɪtɪd
test_001579,ɔnswit
test_001580,melənən
test_001581,eɡzɜpt
test_001582,ɐpləʉd
test_001583,lɝkɚ
test_001584,dɪleɪ
test_001585,blɒɡ
test_001586,oʊhɑnə
test_001587,tjubɜkjʊləʊsɪs
test_001588,festəvəl
test_001589,kənfomɪti
test_001590,ɛnəmi
test_001591,pɹɐʉkɹɛstənæɪʃən
test_001592,mɪnəməm
test_001593,lɔndɹɛt
test_001594,nɔnsəns
test_001595,ɪmpɛɹətɪv
test_001596,ænəɡɒd͡ʒi
test_001597,æŋkɪləʊsɔərəs
test_001598,læm
test_001599,klɒt
test_001600,hɛzɪteɪt
test_001601,ɹufɚ
test_001602,ɹəklʉs
test_001603,kɑn
test_001604,ɹɪmɔɹə
test_001605,bɑdz
test_001606,kɔntɹədɪktəɹi
test_001607,kɑɪɹəpɹæktəɹ
test_001608,əɡlɒməɹət
test_001609,baktɪə̯riə
test_001610,flaʊ̯tə
test_001611,mʌɡəl
test_001612,lɛŋkθənɪŋ
test_001613,skɝ
test_001614,ɪɹɒtɪsaɪz
test_001615,nɛtɪzən
test_001616,poʊlioʊ
test_001617,djuəʊ
test_001618,pɒlətəʃənz
test_001619,kændədəsi
test_001620,hiliɛɹ
test_001621,stɑlɪŋ
test_001622,junɪvɜsl̩
test_001623,fed
test_001624,lɛə̯
test_001625,hezətæɪt
test_001626,jʉʒəɹi
test_001627,mʌðəhʊd
test_001628,kɒment
test_001629,kɒɹəspɒndəns
test_001630,kloʊk
test_001631,stɛndədaɪzæɪʃən
test_001632,kætɪɡəɹɑez
test_001633,dɛəz
test_001634,hʌvɚ
test_001635,pɚtɪkjəlɚli
test_001636,juui
test_001637,maɪkɹəmitə
test_001638,fɹɛskoʊ
test_001639,ɹɛpətɹi
test_001640,sɪkludɪd
test_001641,wɪə̯ɹi
test_001642,ɹɛd͡ʒɪstɚd
test_001643,mɛmwɑ
test_001644,ɛnəlɒɡ
test_001645,skimə
test_001646,nidəlwɚk
test_001647,bəʊnhɛd
test_001648,ʃoʊkeɪs
test_001649,otɔnəməs
test_001650,ɪnsəkjʊɹ
test_001651,mɐnəteɹi
test_001652,ɹɛzəljuʃən
test_001653,ɡɑɹmənt
test_001654,vɪzɪɹ
test_001655,ɹətɪkjəleɪt
test_001656,mænjəfækt͡ʃəɹɪŋ
test_001657,æmbɪɡjuəs
test_001658,kɪlɒmɪtə
test_001659,kəɹɐʉsəv
test_001660,ɪnspɛktə
test_001661,mɪʃənɛɹiz
test_001662,iθə
test_001663,wʌndə
test_001664,ɹɪfɜɹəl
test_001665,mʌltɪvɝsl̩
test_001666,pɹɒpəɡeɪʃən
test_001667,tæpəs
test_001668,bɹɛdbɑskɪt
test_001669,kɹusɪvɜbəlɪst
test_001670,domɪtɹi
test_001671,wɒndəlʌst
test_001672,kælɪbəɹ
test_001673,ɡɜd͡ʒiz
test_001674,supəɹkæləfɹæd͡ʒəlɪstɪkɛkspiælədoʊʃəs
test_001675,bɹɔdkɑstə
test_001676,pɪnɪnsjʊlə
test_001677,vælədɪktəɹi
test_001678,lɑtə
test_001679,ɔtəmeɪʃən
test_001680,ʌphəʊlstəɹə
test_001681,ɪnspɪɹeɪʃən
test_001682,əlaɪnmənt
test_001683,peɪtɹiət
test_001684,ɡlæd
test_001685,pɑts
test_001686,fjʊəɹʌŋkəl
test_001687,æntisəʉʃəl
test_001688,hæŋ
test_001689,melənɪn
test_001690,bɔðəsəm
test_001691,æɡɹɪkʌltjʊəɹəl
test_001692,səpləkeɪt
test_001693,məʊdəs
test_001694,dɒkjʊdɹɑmə
test_001695,ɹed͡ʒəstə
test_001696,əbskɒnd
test_001697,kotɪsɔl
test_001698,kəʉv
test_001699,fəʉkəst
test_001700,tɹænsfəɹəns
test_001701,ʃækl̩
test_001702,kənvɝtɪd
test_001703,mɒnəlɒɡ
test_001704,ɹɪzɒlvd
test_001705,pitə
test_001706,vɔwɚd
test_001707,kɒntɹədɪktəɹi
test_001708,ɪmploɹ
test_001709,foməli
test_001710,məʉ
test_001711,wɒt͡ʃdɒɡ
test_001712,ɐnsøtənti
test_001713,skɔn
test_001714,ʌnkʌmftəbl̩
test_001715,wɝlɪŋ
test_001716,ɔθəɹaɪzeɪʃən
test_001717,ɘnt͡ʃɐnt
test_001718,pleɪ̯smənt
test_001719,beli
test_001720,ɪlɛkt
test_001721,lɛd͡ʒɪslətɪv
test_001722,ɹɪklus
test_001723,kɔmpæɔnd
test_001724,ɹut
test_001725,hɜbɛəɹiəm
test_001726,ɹikənsɪdɚ
test_001727,jubɪkwɪtəs
test_001728,ənsaɪ̯t
test_001729,pɹɒsɪkjuʃən
test_001730,ðɪðə
test_001731,swɑp
test_001732,bɐd͡ʒəɹiɡɐ
test_001733,dæljə
test_001734,əɡɹi
test_001735,ʃɐtl̩kɔk
test_001736,pɝslən
test_001737,stæɪkhɐʉldə
test_001738,tʉfəʉld
test_001739,stɛɹwɛl
test_001740,æd͡ʒɑel
test_001741,ɪmpaʊə
test_001742,sɒɹəʊfəl
test_001743,kɒntɹədɪktəɹi
test_001744,wilhaʊs
test_001745,fɑks
test_001746,skɑlɚ
test_001747,twɜl
test_001748,loʊkəlɪzəm
test_001749,maɪkɹəmitəɹ
test_001750,festəvəl
test_001751,blɑɡ
test_001752,plænjələ
test_001753,əntəɡɹæɪt
test_001754,kɒmɛnt
test_001755,sɑbɪŋ
test_001756,ɡləʊɪŋ
test_001757,ɑkeɪɪk
test_001758,dɪvaɪs
test_001759,sɜtɪfɪkæɪʃən
test_001760,lɛd͡ʒɪsleɪt͡ʃɚ
test_001761,kɑt
test_001762,sɐðɘli
test_001763,dɪskɐst
test_001764,ɛləmənts
test_001765,ɔtəmeɪtɪd
test_001766,leɪə
test_001767,eɹɪθimə
test_001768,tʊɹ
test_001769,teləkəmjʉtɪŋ
test_001770,flɑɪ̯t
test_001771,ɐkiɒləd͡ʒi
test_001772,luphoʊl
test_001773,ɪnoɡjəɹæɪt
test_001774,ʌndɚsɝv
test_001775,ɪnt͡ʃænt
test_001776,ɹɛd͡ʒɪstə
test_001777,səʊn
test_001778,juʒəɹi
test_001779,ɛsɘnɘns
test_001780,ɪnfɹəstɹʌkt͡ʃə
test_001781,lɛɚ
test_001782,bɹəʊ̯ɡ
test_001783,əʊvəslɛpt
test_001784,pɹəʊkɹæstɪneɪʃən
test_001785,ʌnwɑntɪd
test_001786,ɪɡnəʊmɪniəsli
test_001787,səlut
test_001788,t͡ʃʌf
test_001789,dɪsɜnɪŋ
test_001790,stændədaɪzeɪʃən
test_001791,oʊvɚslɛpt
test_001792,sloʊɡən
test_001793,pø
test_001794,fɹækt͡ʃʰə
test_001795,oʊpənɚ
test_001796,ɡæɹɪsən
test_001797,əblɪtəɹæɪtɪd
test_001798,tɛləkəmjutɪŋ
test_001799,pɒlɪtɪʃənz
test_001800,ɒlɪɡɒpəli
test_001801,seɪtə
test_001802,əbd͡ʒɛktɪv
test_001803,kænɪbəlaɪz
test_001804,ɡlɔɹi
test_001805,kɒmpəzət
test_001806,ɪlektə
test_001807,dɔm
test_001808,wɔmɪst
test_001809,pɜsənz
test_001810,nəɹeɪt
test_001811,sɪɡɑɹz
test_001812,kɹɒp
test_001813,fɒks
test_001814,mɒnətɐʉn
test_001815,sɛpəɹæɪt
test_001816,fjʊəɹɔ
test_001817,daɪæspɚə
test_001818,ɡlɔɹi
test_001819,mɐʉ
test_001820,kʉθ
test_001821,sʌbsɪkwənt
test_001822,sikwɪns
test_001823,əʊzɪə
test_001824,ædɪtɪv
test_001825,oɹkɪstɹə
test_001826,lɛkt͡ʃɚ
test_001827,həʊnz
test_001828,nusəns
test_001829,ɐplɐʉd
test_001830,stɛndədaɪzæɪʃən
test_001831,bɑɹk
test_001832,vɪskɒsɪti
test_001833,fɪkst͡ʃə
test_001834,fɔɹɪnɚz
test_001835,slæm
test_001836,ənsaɪ̯t
test_001837,kɒɹəspɒndɪŋ
test_001838,kɑntəmpleɪt
test_001839,stewel
test_001840,tufoʊld
test_001841,mɑnətoʊn
test_001842,pɜsəkjutəɹi
test_001843,pɝsənz
test_001844,ɛlɪmənt
test_001845,dʌɪdʒɪnɛtɪk
test_001846,kɒntɹədəktəɹi
test_001847,dəʉ̯mæ̝ɪ̯n
test_001848,kwæɡmɑɪəɹ
test_001849,skʌf
test_001850,wɒpə
test_001851,kənɑnɪkəl
test_001852,oɡənaɪzæɪʃən
test_001853,ɑltɝnətɪv
test_001854,dɛpjəti
test_001855,ɛɡzɔɹt
test_001856,wɜlɪŋ
test_001857,dɒm
test_001858,eɪmɒɹəl
test_001859,ʌpləʊd
test_001860,pebəl
test_001861,mɪdəl
test_001862,ʃʌtl̩kɑk
test_001863,ɒzməʊ̯sɪs
test_001864,hɛtɚoʊ
test_001865,sænəti
test_001866,kəmpæɹɪsən
test_001867,ɹæsp
test_001868,blɒɡ
test_001869,nɑsi
test_001870,okəstɹæɪt
test_001871,hɛn
test_001872,nɒɡ
test_001873,hɑsp
test_001874,bəʊ̯ɡəs
test_001875,blɒɡ
test_001876,ɹɛɡ
test_001877,pɹəʉkɹæstɪnæɪʃən
test_001878,kənɔnɪkəl
test_001879,ɡæŋɚ
test_001880,skimə
test_001881,ɜd
test_001882,hɑɹti
test_001883,oʊʒəɹ
test_001884,əbæk
test_001885,kəmpjutə
test_001886,d͡ʒiɪɒləd͡ʒi
test_001887,kʌʊ̯stə
test_001888,kavənəs
test_001889,tidiəs
test_001890,ɹɛfəmeɪʃən
test_001891,bɪsim
test_001892,stɹoʊd
test_001893,pɑsəbɪlətiz
test_001894,doʊ̯meɪ̯n
test_001895,ɔltuɡɛðɚ
test_001896,kɑɹbaɪd
test_001897,biə̯
test_001898,kɹɪdulɪti
test_001899,mizli
test_001900,oɹɡənɪzeɪʃən
test_001901,piæstə
test_001902,kəmjʉnɪti
test_001903,ɐpləʉd
test_001904,mastɪkeɪtəri
test_001905,pɔləsiz
test_001906,memwɐ
test_001907,lɪbɪtiz
test_001908,jubɪkwɪtəs
test_001909,feɹiz
test_001910,meɪlstɹəm
test_001911,mɒtli
test_001912,staɪfəl
test_001913,fɛəɹeɪɒnɪk
test_001914,pɹəd͡ʒɛktə
test_001915,bɹeθ
test_001916,lɛkt͡ʃə
test_001917,pɔpjəlæɪt
test_001918,eɹəplæɪ̯n
test_001919,jɝt
test_001920,kɒɹəneɪʃn̩
test_001921,huɛvə
test_001922,dɪkteɪtə
test_001923,bɹʌksɪzəm
test_001924,ɪnvɛstɪt͡ʃɚ
test_001925,fɛɡ
test_001926,wɝkmən
test_001927,føɹi
test_001928,seɪtɚ
test_001929,bændəlɪə
test_001930,ɪntɪɡɹeɪt
test_001931,fɑfæleɪ
test_001932,ɹɪdjusɪz
test_001933,ɡæmbuʒ
test_001934,kəlɒmətə
test_001935,diəti
test_001936,məʉ
test_001937,fɔlt
test_001938,ɔɡənaɪz
test_001939,pɹɛzəveɪʃən
test_001940,kɒŋɡɹɪɡeɪʃən
test_001941,həbɪt͡ʃʊəl
test_001942,tɑləɹəbli
test_001943,taʊəɹ
test_001944,sɪnkɹɑnɪk
test_001945,ɛnəlaɪz
test_001946,ɛɡzɝpt
test_001947,pɹikəndɪʃən
test_001948,pɑɹli
test_001949,kæɹid
test_001950,sʌplɪkeɪt
test_001951,ɪnsaɪ̯t
test_001952,dɪspɹəpɔɹʃənətli
test_001953,mɔɡən
test_001954,pɹəpɑstəɹəs
test_001955,ʃɹɐɡ
test_001956,kɛɹɪkət͡ʃʊɚ
test_001957,eɹɪθimə
test_001958,d͡ʒoʊɹəm
test_001959,daɪkɒtəməs
test_001960,kɒmpəzɪt
test_001961,ʌmpaɪɹ
test_001962,deɪ̯
test_001963,ɹaʊ̯nd
test_001964,noʊbl̩ɪst
test_001965,skɪpɚ
test_001966,mɛmwɑɹ
test_001967,sɔɹɐʉfɘl
test_001968,æɹəʊ
test_001969,əɹæɔnd
test_001970,faðəm
test_001971,pɹədjusə
test_001972,pe
test_001973,bɛəli
test_001974,stændɚdɪzeɪʃən
test_001975,mɒnəkləʊnəl
test_001976,woɹp
test_001977,tjutɪləɹɪ
test_001978,əstɝ
test_001979,kanɪvo
test_001980,fɹʌntl̩
test_001981,dɪskɹedɪt
test_001982,ælbəm
test_001983,əkwæɪʒən
test_001984,mɑɹkɪts
test_001985,kɒlɪd͡ʒɪz
test_001986,səpɹimʌm
test_001987,vænəti
test_001988,tɹədjus
test_001989,ɑkiɒləd͡ʒɪst
test_001990,kɑntɹədɪktəɹi
test_001991,fɒks
test_001992,pɹəʊkɹæstɪneɪʃən
test_001993,bəʉ̯ɡəs
test_001994,tuθpeɪst
test_001995,beɪk
test_001996,bɛlwɛðɚ
test_001997,pɹəmoʊʃn̩
test_001998,ɪmbɔdi
test_001999,kɑtɪlad͡ʒɪnəs
test_002000,ʌpləʊd
test_002001,tɜbəʊ
test_002002,ɪnkʌmbənt
test_002003,nəɹeɪt
test_002004,ɹɛd͡ʒɪstɹeɪʃən
test_002005,tekstɑel
test_002006,wedɪŋ
test_002007,we
test_002008,juʒəɹi
test_002009,nɪɡəʉʃiæɪt
test_002010,ɔtəmeɪʃən
test_002011,filiəl
test_002012,dɔmɪtɹi
test_002013,məsɜ
test_002014,ɐnsøtənti
test_002015,kəʊkənʌt
test_002016,kəɹɛktɪv
test_002017,eəwæɪ
test_002018,lɪniə
test_002019,səʉsiɔləd͡ʒi
test_002020,bæɡ
test_002021,kənɔnɪkəl
test_002022,mɑkɪts
test_002023,ɹɪspɑnsəbɪləti
test_002024,ɑbɪtɹeɪʃən
test_002025,sədeɪt
test_002026,dɪskɹɪməneɪt
test_002027,tɛmpəɹət͡ʃə
test_002028,dɪstɜɹbəns
test_002029,bəɹɑmətɚ
test_002030,nɑdɪd
test_002031,koʊkənʌt
test_002032,nɑvəlɪst
test_002033,bɪheɪvjəɹəl
test_002034,fɹəʊz
test_002035,sæɪdɪzəm
test_002036,əʉpənə
test_002037,mɒnətɐʉn
test_002038,læm
test_002039,kənɡlɑmɚət
test_002040,pɑʃ
test_002041,kləʊk
test_002042,ɪnɪkwɪti
test_002043,ɹɪfɜɹəl
test_002044,kɔmpəzɪt
test_002045,dɪfθɪəɹiə
test_002046,pɹezəvæɪʃən
test_002047,sɛfələpɒd
test_002048,ɹɪkɝənt
test_002049,beli
test_002050,lɪbɪtiz
test_002051,skɔɹd
test_002052,mɒnətɒnək
test_002053,kləʉk
test_002054,kɪlɒmɪtə
test_002055,djuəʊdinəm
test_002056,dəʊtəd
test_002057,dɪspɹəpɔʃənətli
test_002058,pjʊɹ
test_002059,steɪkhoʊldɚ
test_002060,ɪntəɡɹeɪt
test_002061,ɛləmənt
test_002062,ɡəfo
test_002063,pɹəʉɡɹæm
test_002064,sikwɪns
test_002065,dɪvaɪs
test_002066,dɪɹɪst
test_002067,kɔɹɪspɔndəns
test_002068,kɒləd͡ʒəz
test_002069,tɛləkəmjutɪŋ
test_002070,ɛnəlaɪz
test_002071,nidəlwɜk
test_002072,fɔk
test_002073,ækjupʌŋkt͡ʃɜ
test_002074,səʊlləs
test_002075,lɑdʒɛs
test_002076,fɹɐnt
test_002077,hɑɹm
test_002078,pɹəʉkɹæstɪnæɪʃən
test_002079,tɜmɪneɪtə
test_002080,d͡ʒɒdpəz
test_002081,ofəl
test_002082,pɹəməʊʃn̩
test_002083,mɛntɔ
test_002084,ɹæʃənəlɑɪz
test_002085,ɔɹfən
test_002086,tɝboʊ
test_002087,bɹʌksɪzəm
test_002088,dɹobæk
test_002089,oɡənɑezæɪʃən
test_002090,tufoʊld
test_002091,dɪvɑɪs
test_002092,ɑbvi
test_002093,sænəti
test_002094,kɜsɪz
test_002095,tɹɑepɒd
test_002096,əbd͡ʒɛktɪv
test_002097,doʊnɚ
test_002098,tʃʉbɜkjələʉsəs
test_002099,səbmɜd͡ʒ
test_002100,jʉʒəɹi
test_002101,ɛntisɐʉʃəl
test_002102,mɛtsoʊ
test_002103,tɝmɪneɪtɚ
test_002104,skimə
test_002105,fɛstəvəl
test_002106,læm
test_002107,bleəz
test_002108,ɜd
test_002109,ʌndəsɜv
test_002110,ɔlbiɪt
test_002111,ɪmpətjunɪti
test_002112,fɛəɹiz
test_002113,pɹədjusə
test_002114,hɪɹoʊɪk
test_002115,ɑltɝnətɪv
test_002116,wɔɹənt
test_002117,lekt͡ʃə
test_002118,ɡləʊbəlaɪzeɪʃən
test_002119,kjumɛk
test_002120,tɔɹəs
test_002121,junəvɜɹsəl
test_002122,lɛ̝ŋɡwɘd
test_002123,nɛkɹɑpsi
test_002124,əʊldn̩
test_002125,əvɜt
test_002126,ɪnvɛəɹiəbli
test_002127,kɹɑp
test_002128,æksɪləɹi
test_002129,beli
test_002130,sɛtɚ
test_002131,dɑekɔtəməs
test_002132,jʊəɹɪneɪtɚ
test_002133,skɜlɪŋ
test_002134,fɔli
test_002135,haɪdɹoʊkɔɹtɪsoʊn
test_002136,əksɛləɹənt
test_002137,blɒɡ
test_002138,soʊsiɑləd͡ʒi
test_002139,aɪsoʊ
test_002140,tufəʊld
test_002141,dɑbɪn
test_002142,tɒdəl
test_002143,fɑɹfɑleɪ
test_002144,ɔɡənaɪzeɪʃən
test_002145,ɪmpɹɒbəbɪlɪti
test_002146,tæɡ
test_002147,ɪnsaɪ̯t
test_002148,ɹəfɹæktəɹi
test_002149,kjumɛk
test_002150,æpləkæɪʃən
test_002151,dɛstɪni
test_002152,ɪlɛktɹəkjuʃənə
test_002153,sɑmbɚ
test_002154,fɔli
test_002155,baɪoʊdɹɔɪd
test_002156,pɹikəndɪʃən
test_002157,wilhæɔs
test_002158,stɹaɪdənt
test_002159,peɪliəntɑləd͡ʒi
test_002160,ɡʌvɚnmənt
test_002161,ɜθʃaɪn
test_002162,bɑt͡ʃəlɪzəm
test_002163,dɪspɹəpɔɹʃənətli
test_002164,bɑstəd
test_002165,ɔlɹaɪt
test_002166,tuθpeɪst
test_002167,blaɪndfəʊld
test_002168,tɛljʊɹiən
test_002169,e̝mpɘɹɘ
test_002170,læm
test_002171,dɹim
test_002172,kætəɡəɹaɪz
test_002173,mɪnoʊ
test_002174,klɛvənəs
test_002175,kəmɑndə
test_002176,kɹeɪniəsɒfɪk
test_002177,blɛəz
test_002178,ɡɹəʊsli
test_002179,ɑɡjʊmənt
test_002180,ɪmpeɹətɪv
test_002181,ʌnfɔsin
test_002182,daɪkɒtəmi
test_002183,tɑləɹəbl̩
test_002184,pɹikəndɪʃən
test_002185,kɒnstɪtjut
test_002186,fomətəv
test_002187,ɹɪspɑnsəbɪləti
test_002188,ɔltɜnətɪv
test_002189,ʌnsɝtənti
test_002190,nɐʉtəbəl
test_002191,ɹɪm
test_002192,wilhæɔs
test_002193,mænjʊfæktʃəɹəz
test_002194,nəʊblə
test_002195,əstɜ
test_002196,ænti
test_002197,vəʊsɪfəɹəs
test_002198,bleəz
test_002199,ɹevəlæɪʃən
test_002200,sɐðəli
test_002201,tæblɔɪd
test_002202,mɑnəfɑnɪk
test_002203,noʊtəbl̩
test_002204,kəɹəʉsɪv
test_002205,mɑɹt͡ʃɪz
test_002206,kəŋɡloʊb
test_002207,ɪnfluənst
test_002208,dɪlɪvɚ
test_002209,ɡɹoʊsli
test_002210,əkskɹʉʃiæɪtəŋ
test_002211,ʃɔtɡɐ̞n
test_002212,ɡɹæn
test_002213,skɹɒfjʊləs
test_002214,əlaɪnmənt
test_002215,wɔʃɪp
test_002216,ɹipəkʌʃən
test_002217,swɪmɪŋli
test_002218,kaʉld
test_002219,mɔnətɔnɪk
test_002220,əblɪtəɹeɪtɪd
test_002221,ɔtɒnəməs
test_002222,tɹaɪpɑd
test_002223,leɪ̯ɚ
test_002224,ɪmbɑm
test_002225,ʃʌtl̩kɒk
test_002226,pleɪəz
test_002227,wɔmli
test_002228,əntəɡɹæɪt
test_002229,tʉfəʉld
test_002230,mɔnətɔnɪk
test_002231,səɡnət͡ʃə
test_002232,fɛəɹiz
test_002233,kilhɔlɪŋ
test_002234,sɪmɪlɪtjud
test_002235,sævənt
test_002236,juui
test_002237,snʉz
test_002238,əʊtmil
test_002239,ænəteɪt
test_002240,ɹəʊl
test_002241,kɹɛm
test_002242,dɪskɹɪmɪneɪt
test_002243,wɛðə
test_002244,klɑsɪz
test_002245,vʌlnəɹəbɪləti
test_002246,əbskɑnd
test_002247,əblɪtəɹeɪtɪd
test_002248,vɪlɪd͡ʒə
test_002249,mɒθs
test_002250,ənsaɪ̯t
test_002251,twɝl
test_002252,pɔsəbəl
test_002253,ɑltɝnətɪv
test_002254,seɪdɪzəm
test_002255,klɒt
test_002256,swɪmɪŋli
test_002257,ɘnt͡ʃɐnt
test_002258,d͡ʒɛlətɒləd͡ʒi
test_002259,ɛɹənt
test_002260,boɹk
test_002261,dɛmimɒnd
test_002262,sɜkəmstæns
test_002263,juʒəɹi
test_002264,skɝlɪŋ
test_002265,ɐndəsɜv
test_002266,æmbɪʃən
test_002267,ɹɐʉdənt
test_002268,stɛɚ
test_002269,kɑmɹæd
test_002270,tɒtə
test_002271,daɪkɒtəməs
test_002272,fɒli
test_002273,ɛmbə
test_002274,tɹævəlɚz
test_002275,dəʊdʒəʊ
test_002276,ɹəʉdənt
test_002277,nəʉtəbəl
test_002278,wotəwæɪ
test_002279,bɔldə
test_002280,təɹeɹiəm
test_002281,sɛvəd͡ʒ
test_002282,ɒksikəʊdəʊn
test_002283,ɡɐvɘnmɘnt
test_002284,dɪskɹɪmənæɪt
test_002285,dəʊnə
test_002286,əmbɹɔɪl
test_002287,blupɚ
test_002288,sʌðɚn
test_002289,kəʉl
test_002290,piæstɚ
test_002291,ɪmpɝmɪəbəl
test_002292,ful
test_002293,dɑm
test_002294,ænti
test_002295,pɹɔsɪkjʉʃən
test_002296,lænjəd
test_002297,kɪti
test_002298,dɪvɑɪs
test_002299,pleɪɚz
test_002300,kɔmpæɔnd
test_002301,ɹipəkʌʃən
test_002302,duli
test_002303,ɪəɹɪŋ
test_002304,sɪmɪlɪtud
test_002305,mɑnɪtɛɹi
test_002306,pətɪkjələli
test_002307,ɹoʊdənt
test_002308,fɐʉkəst
test_002309,pɐpət
test_002310,hæɡ
test_002311,skeɪlə
test_002312,bɛd
test_002313,sikwɪns
test_002314,dɪleɪ
test_002315,ækədim
test_002316,lɛ̝ŋɡwɘd
test_002317,mɑnətoʊn
test_002318,pɹɔbəbɪlɪstɪk
test_002319,kilhɔlɪŋ
test_002320,ʃɔɹthænd
test_002321,lɐd
test_002322,kəmɪʃənɚz
test_002323,daɪkɑtəmi
test_002324,sɝli
test_002325,bɑd͡ʒɚ
test_002326,ɛndʒɪnɪəɹɪŋ
test_002327,weðə
test_002328,dɑndɪst
test_002329,kɑvə
test_002330,kwɜk
test_002331,spəʊlieɪʃn̩
test_002332,wɛðə
test_002333,daɪmɛθəl
test_002334,pɒsəbəl
test_002335,teləkəmjʉtɪŋ
test_002336,kɑɹnɪvoɹ
test_002337,səʊl
test_002338,ədmɪnɪstɚ
test_002339,kʉli
test_002340,plænət
test_002341,skɹɔfjələs
test_002342,ɪɹɑtɪsaɪz
test_002343,lɑɹd͡ʒɪst
test_002344,kɹeɪniəsɑfɪk
test_002345,kɑntɹədɪktəɹi
test_002346,ɪmpɹɑbəbɪləti
test_002347,kɑmɛnts
test_002348,sɪnkɹɒnɪk
test_002349,dɛm
test_002350,moʊ
test_002351,tɛləfoʊn
test_002352,ɹəʉl
test_002353,mɛntoɹ
test_002354,skul
test_002355,wɝkɚz
test_002356,nɑmɪneɪt
test_002357,hoʊnz
test_002358,ɪkskɹuʃieɪtɪŋ
test_002359,tekstaɪl
test_002360,fɪləbəstər
test_002361,ænəlɔɡ
test_002362,kæləbəɹ
test_002363,skeɪlɚ
test_002364,koʊæɡjuleɪʃən
test_002365,səvæ̝ɪə
test_002366,sʌðɚli
test_002367,dɛɹz
test_002368,fɒli
test_002369,hɑɹm
test_002370,sɐðəli
test_002371,bumɚ
test_002372,haʊstɒp
test_002373,ɪnɔɡjəɹet
test_002374,dɪə
test_002375,dɪzɜʃən
test_002376,səpɹɛʃən
test_002377,kəɹɐʉsəv
test_002378,ɡɑblɪn
test_002379,tɜmɪneɪtə
test_002380,blɪŋkəɹ
test_002381,kɒmpaʊnd
test_002382,fɔɹməli
test_002383,nænoʊmitər
test_002384,slɑnt
test_002385,kɹɔsɪŋ
test_002386,sɝkəmstæns
test_002387,dɪsəpɪə
test_002388,tɜbjələnt
test_002389,saɪnəfoʊbiə
test_002390,ɛmbəɡjʉəs
test_002391,ɪəɹɪŋ
test_002392,lænjɚd
test_002393,təɹɛəɹɪəm
test_002394,dɪfɚ
test_002395,dez
test_002396,mɔktæɪl
test_002397,tʌf
test_002398,nəʉmædɪk
test_002399,lɪbəɹeɪt
test_002400,kɒmpæʊnd
test_002401,æpəθɛtɪk
test_002402,əstø
test_002403,ɪɹɪŋ
test_002404,pɹoʊl
test_002405,ɪntɛnʃn̩əl
test_002406,ɡʌvəmənt
test_002407,nɛsəsɛɹəli
test_002408,mæd͡ʒəstəɹi
test_002409,wɝʃɪpfl̩
test_002410,kɑmɛnt
test_002411,hɑɹtlɪs
test_002412,bɔɡənɪzəm
test_002413,ɪmpɜmɪəbəl
test_002414,koɹtɪsɔl
test_002415,əɹæʊnd
test_002416,stɒpt
test_002417,skɪpə
test_002418,flaʊ̯tə
test_002419,bɑɹtɛndɚ
test_002420,baɪpɑtaɪt
test_002421,θɪk
test_002422,daɪkɒtəmi
test_002423,bɛdɹum
test_002424,wɔblə
test_002425,ɪkweɪʒən
test_002426,sɛntɛnəɹi
test_002427,tutɪlɛɹɪ
test_002428,t͡ʃiəɹi
test_002429,stæɪkhɐʉldə
test_002430,ɒzməʊlarɪti
test_002431,æmbɪʃən
test_002432,ɹɪfɹæktəɹi
test_002433,læm
test_002434,pɹɔksɪmət
test_002435,ɹoʊl
test_002436,daɪmiθɪl
test_002437,ɪntɚvju
test_002438,kætəɡəɹaɪz
test_002439,skɛlətəl
test_002440,dɐʉnə
test_002441,ðɪðɚ
test_002442,skændələs
test_002443,fɒli
test_002444,æntisoʊʃəl
test_002445,ədvænsɪŋ
test_002446,ænəlɔɡ
test_002447,dəʊnə
test_002448,bidɑn
test_002449,kɹusəvɜɹbələst
test_002450,kɑli
test_002451,pəsɛnt
test_002452,kwɔtə
test_002453,bɪleɪtɪd
test_002454,kʌʊ̯stə
test_002455,bɒʃ
test_002456,ɑftəwɜd
test_002457,zoʊθeɪkə
test_002458,stɛəwɛl
test_002459,tɛwɑ
test_002460,foʊtəɹəsɛpʃən
test_002461,kɒmpəzɪʃən
test_002462,nəʉmædɪk
test_002463,sɛfələpɑd
test_002464,wʌndɚ
test_002465,kənɡlɑmɚət
test_002466,ɪntɜmənt
test_002467,mɒnətəʊn
test_002468,wɔlnʌt
test_002469,əkø
test_002470,pɑtɪʃən
test_002471,steɪkhəʊldə
test_002472,ɪlɛktɹəkjuʃənɚ
test_002473,mʌstə
test_002474,pəɹɒksaɪd
test_002475,ɛntɚteɪnɚ
test_002476,mɒn
test_002477,mɑɹzəpæn
test_002478,dɪkteɪtəɹ
test_002479,hɛdmɑstə
test_002480,faɪəflaɪ
test_002481,doʊnɚ
test_002482,ədvæns
test_002483,æθlit
test_002484,dɪspniə
test_002485,kloʊk
test_002486,tɛləkəmjutɪŋ
test_002487,tufəʊld
test_002488,æntisəʉʃəl
test_002489,ɛpləkæɪʃən
test_002490,pleɪəɹ
test_002491,ɛnti
test_002492,pɒlətəʃənz
test_002493,təɹeɹiəm
test_002494,skɔɹd
test_002495,tʊə
test_002496,kɹɒp
test_002497,əɹæʊnd
test_002498,wɑpɚ
test_002499,bʌtəfæt
test_002500,kəmpɑzɪt
test_002501,odiəʉ
test_002502,pɹaɪməɹi
test_002503,sɛpəɹət
test_002504,ɹoʊl
test_002505,ɪntəvju
test_002506,vɛd͡ʒɪtɛɹiənɪzəm
test_002507,lɑɡɚ
test_002508,oɡənɑezæɪʃən
test_002509,bleəz
test_002510,dɪspɹəpɔɹʃənətli
test_002511,ɹɛpɹɪzɛnt
test_002512,əbskjʊəɹɪti
test_002513,blɛəz
test_002514,niɡɚ
test_002515,ɪmpjədn̩t
test_002516,beəli
test_002517,kəlɔmətə
test_002518,əʊpənə
test_002519,ɛd͡ʒaɪl
test_002520,sɑlstɪs
test_002521,mɑnətɑnɪk
test_002522,ɪnfɔɹmd
test_002523,hɔkə
test_002524,pɝsɛpt
test_002525,stændədɑezæɪʃən
test_002526,kloʊk
test_002527,əstø
test_002528,tɜbjələnt
test_002529,ʌnfɔɹt͡ʃənɪtli
test_002530,kənsɝvətɪv
test_002531,eəwæɪ
test_002532,kəʊtəɹi
test_002533,klɒt
test_002534,pɹəʊtəmin
test_002535,wɪə̯ɹi
test_002536,ɹipəkɐʃən
test_002537,ɛmbəʃən
test_002538,ɹäɡ
test_002539,ɒptɪkəl
test_002540,t͡ʃeɪnd͡ʒ
test_002541,ælbəm
test_002542,θɹisəm
test_002543,fɔtɪsɪməʊ
test_002544,snɐɡ
test_002545,tɛləkəmjutɪŋ
test_002546,əkɜ
test_002547,feəɹiz
test_002548,pəsent
test_002549,ɹəkaɪtɪs
test_002550,hʌɪdɹəʊkɔtɪzəʊn
test_002551,bɹeɪnt͡ʃaɪld
test_002552,ɹɪdjusɪŋ
test_002553,fe
test_002554,pɹəd͡ʒɛktə
test_002555,fɔlt
test_002556,əʉvæɪʃn̩
test_002557,kənd͡ʒɛkt͡ʃɚ
test_002558,ɹɪdjusɪz
test_002559,ɡɑmənt
test_002560,kulɪŋ
test_002561,nɛtɪzən
test_002562,kæntinə
test_002563,pɚsɪst
test_002564,ɒltɜnətɪv
test_002565,ɹɪklʉs
test_002566,æbdɑmɪneɪliə
test_002567,ɹepɹəzent
test_002568,ænəɡoʊd͡ʒi
test_002569,kulɪŋ
test_002570,dɪskɐst
test_002571,ɪnsəkjʊəɹ
test_002572,kənsɪstəns
test_002573,sænəti
test_002574,vɛd͡ʒɪtɛəɹiənɪzəm
test_002575,ɪnt͡ʃɑnt
test_002576,bɛlwɛðə
test_002577,ɪljusɪdeɪt
test_002578,ɪntɛstɪnəl
test_002579,əkwæɪʒən
test_002580,kənfomɪti
test_002581,skø
test_002582,əʊvəɹiækt
test_002583,klæmɚ
test_002584,tɜməɹɪk
test_002585,ɡɹæspt
test_002586,nɪsɛsɪteɪt
test_002587,sɐʉsiɒləd͡ʒi
test_002588,mæn
test_002589,kənfoməti
test_002590,kənɑnɪkəl
test_002591,nɔmɪnæɪt
test_002592,sɝtɪfɪkeɪʃən
test_002593,ʃɪpə
test_002594,mɛntoɹ
test_002595,ʌnfɔtjʊnətli
test_002596,kənɒnɪkəl
test_002597,fɒɹɪnəɹ
test_002598,pɒlɪtɪʃənz
test_002599,ədvæns
test_002600,pɹɒbəbələstək
test_002601,əkjumjəleɪt
test_002602,stæɪkhəʉldə
test_002603,ænθɹəpəmetɹɪk
test_002604,næɹeɪt
test_002605,bɪliɡə
test_002606,embə
test_002607,bɒtl̩z
test_002608,ɹæk
test_002609,vjuə
test_002610,tit͡ʃə
test_002611,kɹɒp
test_002612,æmfɪbiəs
test_002613,hɪkəp
test_002614,pɑɹməʒɑnə
test_002615,əɹəd͡ʒənəli
test_002616,dɪskʌst
test_002617,pɹaɪməɹi
test_002618,dɛɹz
test_002619,ɪlektə
test_002620,masitə
test_002621,hɪpoʊkɹæs
test_002622,kɑŋɡɹəɡeɪʃən
test_002623,fəʊkəst
test_002624,sɛɡ
test_002625,skapjʊlə
test_002626,leɪtɚz
test_002627,ʌndəsɜv
test_002628,wɛstwɚd
test_002629,æmbɪʃən
test_002630,staɪfl̩
test_002631,fɪkst͡ʃə
test_002632,kəɹoʊsɪv
test_002633,lɛm
test_002634,ɡlæd
test_002635,kɛfl̩
test_002636,fluɒksətin
test_002637,hɛtəɹoʊ
test_002638,bəɡəʊniə
test_002639,ɹætɪɒsɪneɪʃn̩
test_002640,əntəɡɹæɪt
test_002641,mʌðəfʌkə
test_002642,pɒsəbəl
test_002643,weɪd͡ʒəɹ
test_002644,sækɹəlɪd͡ʒəs
test_002645,ɔtɑnəməs
test_002646,əblɪtəɹeɪtɪd
test_002647,daɪkɒtəmi
test_002648,pɹədusɚ
test_002649,ʃʌtl̩kɑk
test_002650,fɒksi
test_002651,kɑstl̩
test_002652,kləʊsɪst
test_002653,blɔɡ
test_002654,tæɡ
test_002655,lɔndəɹɛt
test_002656,fəʊnəʊɹɪsɛpʃn̩
test_002657,dɛpjəti
test_002658,əksɛləɹənt
test_002659,flæʃlaɪt
test_002660,skɐf
test_002661,θoʊl
test_002662,fɝθ
test_002663,tɛkstbʊk
test_002664,skul
test_002665,kənfɔmɪti
test_002666,ɹəklʉs
test_002667,aɪsətɹɒpɪk
test_002668,hʊdwɪŋk
test_002669,pɪnɪnsjʊlə
test_002670,lɪbɪtiz
test_002671,dəʊmeɪ̯n
test_002672,sɪmetɹɪkəl
test_002673,kɹɒsəŋ
test_002674,fləʊtə
test_002675,ɔɹkəstɹeɪt
test_002676,skʉl
test_002677,ɪmpɝmɪəbəl
test_002678,memwɐ
test_002679,ɐkiɔləd͡ʒi
test_002680,ənkloʊzd
test_002681,oʊpənɚ
test_002682,palpɪbɹə
test_002683,kənfɛsioʊ
test_002684,weɪstlænd
test_002685,miɡɚ
test_002686,hɛŋ
test_002687,foɹɪd͡ʒɪz
test_002688,sɔb
test_002689,lɛkt͡ʃə
test_002690,mɑnətoʊn
test_002691,sɝfɪt
test_002692,bəhæɪvjəɹəl
test_002693,ɪntɛnʃn̩əl
test_002694,fɒli
test_002695,bʌstɚd
test_002696,kælɪbəɹ
test_002697,hɛtəɹəʊdɒnt
test_002698,pjʉtətɪvli
test_002699,kənd͡ʒekt͡ʃə
test_002700,bʌd͡ʒəɹiɡɑ
test_002701,netəzən
test_002702,mɒkteɪl
test_002703,kəʉkənɐt
test_002704,ɐnsɜtənti
test_002705,kɔɹpsɪkəl
test_002706,nesəseɹəli
test_002707,bəleɪtɪd
test_002708,kəʊwɜkər
test_002709,ɹəspɒnsəbələti
test_002710,ælməkæntə
test_002711,hʊkə
test_002712,kəmpjʉtə
test_002713,ɪnfɜm
test_002714,bɔɹdwɔk
test_002715,kɒmpæʊnd
test_002716,ɪlumɪneɪʃən
test_002717,kændɪdəsi
test_002718,bəɹɔmɪtəɹ
test_002719,mɐʉdəs
test_002720,pɛɹɪniəm
test_002721,kəɹəʉsɪv
test_002722,sɛvəd͡ʒ
test_002723,bɔdwɔk
test_002724,smɑɹm
test_002725,ɪkwæɪʒən
test_002726,wɒʃt
test_002727,tɑdəl
test_002728,əbæk
test_002729,pɐf
test_002730,təɹɛəɹɪəm
test_002731,dɛɹz
test_002732,lɔɹɪs
test_002733,dɪstɝb
test_002734,əpis
test_002735,ɹɪdjusɪz
test_002736,kɒli
test_002737,ɹipɚkʌʃən
test_002738,fɔmətɪv
test_002739,tɘɹiəɹiɘm
test_002740,pɜ
test_002741,supənjuməɹəɹi
test_002742,livə
test_002743,hɛvɪə
test_002744,snʌɡ
test_002745,sɝkəmskɹɪpʃən
test_002746,mɒnətɒnɪk
test_002747,ɡləʉbəlɑezæɪʃən
test_002748,dəʊmeɪ̯n
test_002749,fɪəsəm
test_002750,ɹɪdjʉsɪz
test_002751,sɑdin
test_002752,pɹəpəʉz
test_002753,pɔpjəlæɪt
test_002754,ʃiθə
test_002755,sɑsɝ
test_002756,mento
test_002757,dəʉnə
test_002758,ɡɹæʊndbɹæɪkəŋ
test_002759,pɑlɪɡlɑt
test_002760,fæɡ
test_002761,fɜməmənt
test_002762,ænəlaɪz
test_002763,ɛlɪmənt
test_002764,vɔləntɪə
test_002765,oʊveɪʃən
test_002766,sʌðɚli
test_002767,nəɡoʊʃieɪt
test_002768,dɪsəpɪɹ
test_002769,kɹɔsɪŋ
test_002770,bɹæ̝ɪ̯n
test_002771,fɪkst͡ʃɚ
test_002772,lekt͡ʃə
test_002773,tɹænsfəɹəns
test_002774,fəɡɛtɪŋ
test_002775,tempəɹət͡ʃə
test_002776,sɛpəɹət
test_002777,ɪnsaɪ̯t
test_002778,peɪtɹiət
test_002779,slænt
test_002780,t͡ʃeɪmbəlɪn
test_002781,jɔl
test_002782,ɑzmoʊlɛrəti
test_002783,fɹɒsti
test_002784,ɪmbɹɔɪl
test_002785,dɪsɝnd
test_002786,hɛzəteɪt
test_002787,mʌmɚ
test_002788,mɛdəʊ̯
test_002789,ɪntɪɡɹeɪt
test_002790,tiliɒləd͡ʒi
test_002791,steɪtəs
test_002792,ʌmpaɪəɹ
test_002793,skæɪlə
test_002794,ætəmi
test_002795,skɛlɪtəl
test_002796,əʊbeɪ
test_002797,ɹɔŋli
test_002798,elʉm
test_002799,sædl̩
test_002800,ændɹoʊfɪliə
test_002801,lɛkt͡ʃɚ
test_002802,kəɹoʊsɪv
test_002803,nɛtɪzən
test_002804,pɹəʊ̯ɡɹæm
test_002805,leɪtəz
test_002806,sikwɪns
test_002807,sɪmɛtɹɪkəl
test_002808,tæɪkəwæɪ
test_002809,pjutətɪvli
test_002810,pɹoʊtɹæktɪd
test_002811,kɪlɑmɪtəɹ
test_002812,tɛkstaɪl
test_002813,fəʊtəʊɹɪsɛpʃn̩
test_002814,kɹɒs
test_002815,floʊtɪd
test_002816,tubɝkjʊloʊsɪs
test_002817,depjəti
test_002818,fɛstɪvəl
test_002819,bʊldoʊz
test_002820,saɪteɪʃn̩
test_002821,stɹɪkt͡ʃɚ
test_002822,pæɪtɹiət
test_002823,d͡ʒɑdpɚz
test_002824,kɑmbɪneɪʃənz
test_002825,mɒnəʊfɒnɪk
test_002826,ɪnt͡ʃɑnt
test_002827,ɹɑsp
test_002828,sɔb
test_002829,pɹikəndɪʃən
test_002830,wæɪd͡ʒəɹ
test_002831,mɪnəʊ
test_002832,ɔdiəʊ
test_002833,kɪlɚ
test_002834,mɑnətɑnɪk
test_002835,pɹətɹæktɪd
test_002836,nəsɛsəteɪt
test_002837,kɒment
test_002838,bɪnaɪt
test_002839,əɹaʊnd
test_002840,ðemselvz
test_002841,pɹəʊnaʊn
test_002842,tæɡ
test_002843,sɛkjələɹ
test_002844,ɹikənsɪdə
test_002845,kənfɛsiəʊ
test_002846,pɹɔsɪkjʉʃən
test_002847,ɹəspɒnsəbələti
test_002848,skelətəl
test_002849,dəʉ̯mæ̝ɪ̯n
test_002850,pɝsəkjutəɹi
test_002851,tɑɹt
test_002852,pɹoʊtətɪpɪkəl
test_002853,lɒŋɡətʃʉdənəl
test_002854,sɐspekt
test_002855,sænəti
test_002856,lɑebɹeɹiən
test_002857,kænɪbəlɑez
test_002858,kɒɹəspɒndəns
test_002859,kɔmpəzɪʃən
test_002860,mʌðɚfʌkɚ
test_002861,kəmpæɹɪsən
test_002862,dɔm
test_002863,læŋɡwɪd
test_002864,dɐʉnə
test_002865,kɒnsəleɪʃən
test_002866,kəmpɑzɪt
test_002867,ɹæɡ
test_002868,bɪheɪvjəɹəl
test_002869,ɛkskəveɪtɚ
test_002870,hɑepəɹæktɪv
test_002871,bɪɚ
test_002872,kɑmɛnt
test_002873,bʌtɚfæt
test_002874,makə
test_002875,sikwɪns
test_002876,difɛnəstɹeɪʃən
test_002877,pɑlətɪʃənz
test_002878,kɹɒs
test_002879,plætɪpəs
test_002880,kætəstɹɔfɪk
test_002881,əpɹəʊt͡ʃiz
test_002882,ɡloɹi
test_002883,skimə
test_002884,plænɪt
test_002885,əɡlɑməɹət
test_002886,bɛt
test_002887,foməli
test_002888,kɐstəmə
test_002889,æmbɪʃən
test_002890,ɹut
test_002891,ɑɹkiɑləd͡ʒi
test_002892,tɹeɪkiə
test_002893,ɡɹoʊn
test_002894,fəɹɒsɪti
test_002895,pɹɒsəkjʉʃən
test_002896,əkɝ
test_002897,lɔɡəɹiə
test_002898,foʊkəst
test_002899,lɒbi
test_002900,njuɑns
test_002901,tɛləkəmjutɪŋ
test_002902,ænəlaɪz
test_002903,nəʊtəbl̩
test_002904,dɪvaɪs
test_002905,tɑt
test_002906,ænti
test_002907,sæɪdəzəm
test_002908,æmbɪɡjʉəs
test_002909,kənd͡ʒekt͡ʃə
test_002910,nəʊmædɪk
test_002911,məkɑbɹə
test_002912,ɛɚweɪ
test_002913,nɛtɪzən
test_002914,daɪvød͡ʒənt
test_002915,pjʉə
test_002916,doʊd͡ʒoʊ
test_002917,dezɪɡnət
test_002918,ɪnsɑe̯t
test_002919,ʌnsɜtənti
test_002920,stændɚdɪzeɪʃən
test_002921,kwæɡmaɪɹ
test_002922,ɪnvɛɹiəbli
test_002923,dɪlɪvəɹ
test_002924,bodwok
test_002925,ɔɡænzə
test_002926,steə
test_002927,sɛntimɛntl̩
test_002928,bɔðəɹ
test_002929,tempəɹət͡ʃə
test_002930,təɹɛɹiəm
test_002931,kɒt
test_002932,ɪkweɪʒən
test_002933,fɪnɛs
test_002934,hɐm
test_002935,bæɡ
test_002936,hɒlihɒk
test_002937,ɐnsøtənti
test_002938,dɪleɪ
test_002939,kɐʉl
test_002940,əstɝ
test_002941,ɑkiɒləd͡ʒi
test_002942,hʊdwɪŋk
test_002943,ɔɪntmənt
test_002944,t͡ʃɪəɹi
test_002945,fɪɹfəli
test_002946,mɑzɪpæn
test_002947,koɹɪspɑndəns
test_002948,beɪs
test_002949,pɹəʉkɹæstɪnæɪʃən
test_002950,twɝl
test_002951,deɪlaɪt
test_002952,pʌls
test_002953,vʌlnəɹəbɪlɪti
test_002954,ɐkiɒləd͡ʒi
test_002955,plɛnət
test_002956,ænti
test_002957,ɹefəɹənsɪz
test_002958,beəli
test_002959,stɒpt
test_002960,kɑndəmneɪʃən
test_002961,bɛɹli
test_002962,odiəʉ
test_002963,ɹɪdjusɪz
test_002964,ɹɛd͡ʒɪstɚ
test_002965,sɛkɹɪfɑe̯sɪz
test_002966,klɒt
test_002967,bɒskeɪ
test_002968,kɑsɪnəʊmə
test_002969,ved͡ʒtəbəl
test_002970,həbɪtʃʊəl
test_002971,kwɔɹtɚmæstɚ
test_002972,ɡɹəʊn
test_002973,kæləbɚ
test_002974,tɹɑepɔd
test_002975,tʃʉbɜkjələʉsəs
test_002976,weɪstland
test_002977,pɹɔdɐktɪvəti
test_002978,lɐd
test_002979,tək
test_002980,fɛstəvəl
test_002981,vælətudɪnɛəɹiən
test_002982,bəɹɒmɪtəɹ
test_002983,wɑbəli
test_002984,kɑmpəzɪʃən
test_002985,plætɪpʊs
test_002986,deəz
test_002987,fəʊkəst
test_002988,ænθɹəpəmɛtɹɪk
test_002989,seɪvə
test_002990,njusəns
test_002991,ɪnfɹəstɹʌkt͡ʃɚ
test_002992,əʊmɪk
test_002993,hɛv
test_002994,pɹɑsɪkjuʃən
test_002995,dəsønəŋ
test_002996,dɪɹaɪd
test_002997,sɪŋɡjəlɚli
test_002998,kætəstɹɒfɪk
test_002999,æɡɹɪkʌltʃəɹəl
test_003000,ɔtɑnəməs
test_003001,blu
test_003002,dɑm
test_003003,stændɚdɪzeɪʃən
test_003004,təɹɛɹiəm
test_003005,kɒmɛnt
test_003006,nəɹæɪt
test_003007,ælbəm
test_003008,koɹɪspɑndəns
test_003009,tɛljʊɹiən
test_003010,hɛɹəʊɪzəm
test_003011,ʃʌtl̩kɒk
test_003012,ɔltʊɡɛðəɹ
test_003013,kætɪɡəɹaɪz
test_003014,daɪvød͡ʒənt
test_003015,ɔlbiɪt
test_003016,əʊzəʊn
test_003017,tɹɑepɔd
test_003018,səɡnət͡ʃə
test_003019,kɹɛnəleɪt
test_003020,ɪntestɪnəl
test_003021,pɹɑeməɹi
test_003022,nəʊtɪfɪkeɪʃn̩
test_003023,koʊ̯stɚ
test_003024,ɒktɒmɪnəʊ
test_003025,weɪd͡ʒɚ
test_003026,kɪti
test_003027,kɹɑsɪŋ
test_003028,deɪnd͡ʒə
test_003029,dæɪnd͡ʒə
test_003030,stʌft
test_003031,ɛɡzɝpt
test_003032,ɹætiɑsineɪʃn̩
test_003033,kɒntɹədɪktəɹi
test_003034,bɒðəɹ
test_003035,skimə
test_003036,æmbɪʃən
test_003037,sɛksɛnɪəm
test_003038,ɪntenʃənəl
test_003039,dɒsɑ
test_003040,əbæk
test_003041,kloʊsɪst
test_003042,hæɡ
test_003043,fɑɪ̯n
test_003044,ɪmpɒsɪbɪliti
test_003045,stɹʌt
test_003046,kəɹɐʉsəv
test_003047,ɹɐʉl
test_003048,klɐʉk
test_003049,pɛɹəksɪzəm
test_003050,kɒntɹədəktəɹi
test_003051,dʌvkɑt
test_003052,ɛəweɪ
test_003053,pɹiviəsli
test_003054,ɡɹæsp
test_003055,kɒləɹə
test_003056,sɪlvəpɑst͡ʃə
test_003057,ɛɡzɜpt
test_003058,blɑɡ
test_003059,dɛmimɑnd
test_003060,foɹmətɪv
test_003061,pɹɔsɪkjʉʃən
test_003062,bæstɚd
test_003063,sɔsə
test_003064,ækədim
test_003065,ænti
test_003066,skeɪtbɔd
test_003067,səveɪə
test_003068,pɹikəndəʃən
test_003069,kɹɔs
test_003070,kənvɜɹtɜɹ
test_003071,faɪɚflaɪ
test_003072,ɪntɛntʃənəl
test_003073,kætɪɡəɹaɪz
test_003074,kɑntɹədɪktəɹi
test_003075,ɹutɪlənt
test_003076,mʌnɪtəɹi
test_003077,mɑnə
test_003078,bæktɪɹiə
test_003079,ʃut
test_003080,ɹʉt
test_003081,pɑɹlɚ
test_003082,læm
test_003083,bəsim
test_003084,ʌmpaɪəɹ
test_003085,bɛnt͡ʃ
test_003086,kænjələ
test_003087,loʊdz
test_003088,fɑli
test_003089,tɹɪtiəm
test_003090,pɑləsiz
test_003091,dɒŋɡə
test_003092,pɹoʊkɹæstɪneɪʃən
test_003093,kɒnstɪtjut
test_003094,hʊkə
test_003095,pəɹɑksaɪd
test_003096,ɪntənet
test_003097,ɹɛɡ
test_003098,ɡoʊlkipɚ
test_003099,bakwʊdz
test_003100,pɑpjəleɪt
test_003101,daɪkɑtəməs
test_003102,lɒl
test_003103,bɔɹdwɔk
test_003104,məʃinz
test_003105,ɪɹɪŋ
test_003106,pʊəɹi
test_003107,skɜ
test_003108,səveɪə
test_003109,ɡæðəd
test_003110,boʊ̯ɡəs
test_003111,ɹəʊ̯tʌnd
test_003112,fʌndəmənt
test_003113,dɹim
test_003114,sɪɹiəlaɪz
test_003115,bɪsaɪd
test_003116,ænəlɔɡ
test_003117,wɪðstʊd
test_003118,wɐndə
test_003119,vɒləntɪə
test_003120,əbd͡ʒektəv
test_003121,hɑdwɛə
test_003122,pɹikəndəʃən
test_003123,ɹəʊl
test_003124,sɜkəmstæns
test_003125,ɒbd͡ʒɛktɪv
test_003126,kəʊl
test_003127,tufəʊld
test_003128,ɹɪhɜsl̩
test_003129,tɘɹiəɹiɘm
test_003130,supə
test_003131,kəɹəʊsɪv
test_003132,ɪmpaʊəɹ
test_003133,t͡ʃɛstnʌt
test_003134,pæsɪnd͡ʒɚz
test_003135,pɹɒsɪkjuʃən
test_003136,tɛmpəɹaɪz
test_003137,daɪkɒtəməs
test_003138,wɪðstʊd
test_003139,pɛɹɪɡɔɹɪk
test_003140,kɒmpaʊnd
test_003141,tɹəkiə
test_003142,mɑniməlimniən
test_003143,mɑn
test_003144,bəɹɔmɪtəɹ
test_003145,mɪsnəʊmə
test_003146,əpæɹənt
test_003147,tiθ
test_003148,ɹɐʉdənt
test_003149,nɛkɹɒpsi
test_003150,pɹikəndɪʃən
test_003151,ɛnti
test_003152,ɛfɚvɛsənt
test_003153,ɒltønətəv
test_003154,kɒmpəzət
test_003155,mɔɹəʊvə
test_003156,ɹefəɹənsəz
test_003157,tɹæɪ̯n
test_003158,bɪɡɚ
test_003159,mɪdivəl
test_003160,nɪɡəʉʃiæɪt
test_003161,sød
test_003162,nɔtɪləs
test_003163,æmbɪɡjuəs
test_003164,stæɪtəs
test_003165,ɐkiɔləd͡ʒi
test_003166,ɡaʉld
test_003167,ɹɪklus
test_003168,lɔbi
test_003169,pɒpjʊleɪt
test_003170,əpɹoʊt͡ʃiz
test_003171,ɹɒndjʊə
test_003172,ɒsaɪn
test_003173,stæɪkhəʉldə
test_003174,ste
test_003175,festəvəl
test_003176,wʊps
test_003177,peɪtɹiət
test_003178,tætl̩
test_003179,ɪmidɪət
test_003180,kɑɹsɪnoʊmə
test_003181,bæt
test_003182,ɛəɹiə
test_003183,oɹɡənɪzeɪʃən
test_003184,maɪtəkɑndɹiən
test_003185,koʊn
test_003186,ʃɑɹlət
test_003187,ɛmpəɹə
test_003188,kɑɹnɪvoɹ
test_003189,fɔmətɪv
test_003190,kɔlɪd͡ʒɪz
test_003191,bumə
test_003192,sjud
test_003193,kəɹɑtɪd
test_003194,bəɹɒmɪtəɹ
test_003195,tekstɑel
test_003196,kɔlɪd͡ʒɪz
test_003197,tɛljʊəɹɪən
test_003198,mæstɪkətɔri
test_003199,koʊkənʌt
test_003200,lɑteɪ
test_003201,kəɹəʉsɪv
test_003202,pɝv
test_003203,oʊtmil
test_003204,soʊsiɑləd͡ʒi
test_003205,sækɹɪfɑesɪz
test_003206,pɔlɪtɪʃənz
test_003207,tubɝkjʊloʊsɪs
test_003208,ʃɒtɡʌn
test_003209,sækɹɪfaɪsɪz
test_003210,bʌstəd
test_003211,dɒd͡ʒ
test_003212,kəʊld
test_003213,tɹɑepɔd
test_003214,ænəmɑsɪti
test_003215,sis
test_003216,tɝbjələnt
test_003217,hɒmənɪm
test_003218,medəʉ̯
test_003219,ɪmpɪəɹiəlɪzəm
test_003220,səʉl
test_003221,junəsɛks
test_003222,lɛvɚ
test_003223,dɪspɹəpoʃənətli
test_003224,kɑnɪvɔ
test_003225,stɛə
test_003226,əljud
test_003227,mətrɪkjʊleɪʃən
test_003228,ʍɪpɚwɪl
test_003229,sikwɪns
test_003230,t͡ʃænst
test_003231,ɹæspi
test_003232,ɹɛspəɹətɔɹi
test_003233,medəʉ̯
test_003234,wɛɹ
test_003235,əd͡ʒɔɪnɪŋ
test_003236,kænɪbəlaɪz
test_003237,təɹeɹiəm
test_003238,ænəlɑez
test_003239,tɜbjələnt
test_003240,ɹəm
test_003241,ælbətɹɒs
test_003242,bɛnəfæktɚ
test_003243,ɹepɹəzent
test_003244,dɪsəlaʊ
test_003245,stændədaɪzeɪʃən
test_003246,pɹɑvɝb
test_003247,kəmjʉnəti
test_003248,kɑɹdʃɑɹp
test_003249,fɹʌntəl
test_003250,sævəd͡ʒ
test_003251,kɑɹtun
test_003252,mɑnə
test_003253,pɛɹɪɡɹɪneɪʃn̩
test_003254,mɛʒəɹəbəl
test_003255,pɹɒbləmz
test_003256,ɔdiəʊ
test_003257,noʊmædɪk
test_003258,nɒdɪd
test_003259,njʉɐns
test_003260,fɔɹtɪsɪmoʊ
test_003261,pɑlikɑɹbəneɪt
test_003262,ɹɛfəɹmeɪʃən
test_003263,kɐʉkənɐt
test_003264,sɪɡnət͡ʃə
test_003265,kɒlɪd͡ʒɪz
test_003266,leɪbəd
test_003267,fɚɡɑt
test_003268,tɐf
test_003269,mɛlənɪn
test_003270,ʃeɪvə
test_003271,səʉl
test_003272,dɛzɪɡnət
test_003273,pəɹuk
test_003274,tɔk
test_003275,mɝdɚɚ
test_003276,dɑevɜd͡ʒənt
test_003277,təmɛɹəti
test_003278,kwɔɹtɚ
test_003279,lɛd͡ʒɪslət͡ʃʊə
test_003280,pɹaɪmɛɹəli
test_003281,dɪskənsɝt
test_003282,bɛɡ
test_003283,otəmæɪʃən
test_003284,bɑtl̩z
test_003285,kɔɹɪspɔndəns
test_003286,ɪlɒŋɡeɪt
test_003287,pɔlɪɡlɔt
test_003288,sɜd
test_003289,dɪspɹəpoʃənətli
test_003290,mɛtsəʊ
test_003291,nɒkt
test_003292,sis
test_003293,teləkəmjʉtəŋ
test_003294,sækɹɪfaɪsɪz
test_003295,kənɒnɪkəl
test_003296,pɑli
test_003297,best
test_003298,ɪnɔɡjəɹet
test_003299,əkɜ
test_003300,mʌni
test_003301,stɹɒŋhəʊld
test_003302,pəsent
test_003303,ænəlɑez
test_003304,ɡɒblɪn
test_003305,ʃɑdz
test_003306,fomətəv
test_003307,bɪnɑen
test_003308,ɡɹɒɡɹəm
test_003309,kɔnstɪtjʉt
test_003310,wɪɹi
test_003311,soʊl
test_003312,tɪk
test_003313,fandəmənt
test_003314,aɪsəɡlɑs
test_003315,ɛɹɐʉ
test_003316,kɛɹiz
test_003317,kɒntɹədəktəɹi
test_003318,tidiəs
test_003319,dɔɹmɪtɔɹi
test_003320,məʊ
test_003321,əkskɹʉʃiæɪtɪŋ
test_003322,toʊ̯ɹəs
test_003323,mænjuəli
test_003324,məkɑb
test_003325,fɛɚ
test_003326,æloʊz
test_003327,daɪvɜd͡ʒənt
test_003328,ɹɪzɜv
test_003329,tʉfɐʉld
test_003330,wʌndə
test_003331,eɹiə
test_003332,eɪɡə
test_003333,dɛpjəti
test_003334,faɪ̯n
test_003335,tɹaɪpɒd
test_003336,d͡ʒiɒləd͡ʒi
test_003337,ʌnpɹisədɛntəd
test_003338,jɑɹtsaɪt
test_003339,d͡ʒiɪɒləd͡ʒi
test_003340,litə
test_003341,ɪkaɪnədɝm
test_003342,bɪheɪvjəɹəl
test_003343,wɑpɚ
test_003344,mɑkteɪl
test_003345,sʌðən
test_003346,pɒləmɒləd͡ʒi
test_003347,kɹɛnɛleɪt
test_003348,pɒləsiz
test_003349,əlɑenmənt
test_003350,mɔnətɔnɪk
test_003351,ɡloʊɪŋ
test_003352,nəʊbl̩ɪst
test_003353,ɪəɹɪŋ
test_003354,kənvɜtə
test_003355,fɪəfəli
test_003356,kɹæm
test_003357,pɹɒbəbɪlɪstɪk
test_003358,pɒləsiz
test_003359,deɪlaɪt
test_003360,pɹəfɛʃənəl
test_003361,wilhaʊs
test_003362,bɛəɹɪŋ
test_003363,hen
test_003364,ɹʉt
test_003365,sɚveɪ̯ɚ
test_003366,ɪmɝd͡ʒ
test_003367,pɑmɪdʒɑnə
test_003368,bʊədən
test_003369,kotɪsɔl
test_003370,pɒsəbəl
test_003371,fɔɹk
test_003372,mizəlz
test_003373,dɪleɪ
test_003374,kæɹɪd
test_003375,æftɚwɝd
test_003376,luphəʊl
test_003377,mæsəsɔɡə
test_003378,ɡɹæn
test_003379,hɑtstɹɪŋz
test_003380,pɛdəɡɑd͡ʒi
test_003381,lɛŋkθənɪŋ
test_003382,mɑkteɪl
test_003383,kənsɜvətɪv
test_003384,sɛtə
test_003385,uk
test_003386,sɛpəlkɚ
test_003387,bɹiðɪŋ
test_003388,spɛndθɹɪft
test_003389,stʌbɚnnəs
test_003390,bəʊnz
test_003391,tekstbʊk
test_003392,steɪtəs
test_003393,əɹoʊbɪks
test_003394,kɑnstɪtjut
test_003395,sɪbəɹɪtɪk
test_003396,dez
test_003397,eɪmɔɹəl
test_003398,ɔlbiɪt
test_003399,mʌltɪvɜsl̩
test_003400,ɔltɜnətɪv
test_003401,kənfjuz
test_003402,æmbɪɡjuəs
test_003403,twɛntiəθ
test_003404,pɔŋ
test_003405,pɹɑsɪkjuʃən
test_003406,ɡɹɛn
test_003407,seɪdɪzəm
test_003408,səpəʊzɪŋ
test_003409,ðɛɹəbaʊt
test_003410,mɑmə
test_003411,ɹɪspektɪv
test_003412,ɹɪspɑnsəbɪləti
test_003413,ɑɹməməntɛɹiəm
test_003414,pɹaɪməɹi
test_003415,ɑɹmɚd
test_003416,pɛdəɡɒd͡ʒi
test_003417,haɪəsaɪəmin
test_003418,ɔlɹaɪt
test_003419,pɜ
test_003420,pɔŋ
test_003421,pæpɑdɛleɪ
test_003422,tɪmɛɹɪti
test_003423,njuɑns
test_003424,ɔɹeɪʃən
test_003425,sɪəɹiəlaɪz
test_003426,tɒləɹəbl̩
test_003427,əɹəd͡ʒənəl
test_003428,ɡloɹi
test_003429,lɛd͡ʒɪsleɪtɪv
test_003430,ɹepɹɪzent
test_003431,æməɹænθ
test_003432,pɑlətɪʃənz
test_003433,pɛpɚ
test_003434,ɔtəmeɪtɪd
test_003435,mɔθs
test_003436,kəʊɪnsɪdənt
test_003437,blez
test_003438,twøl
test_003439,nɒmɪneɪt
test_003440,mənɒpsəni
test_003441,ɛlɪmənts
test_003442,mento
test_003443,swɪt͡ʃbæk
test_003444,səmɛtrəkəl
test_003445,ɹɛd͡ʒɪstə
test_003446,nəɡəʊʃieɪt
test_003447,stændədɑezæɪʃən
test_003448,blænd
test_003449,sɜkəmstəns
test_003450,æməɹænθ
test_003451,skæpjəlɚ
test_003452,æsɪdəʊfɪlɪk
test_003453,mænjʊəli
test_003454,wɜɹkpis
test_003455,kɪlɑmɪtəɹ
test_003456,netɪzən
test_003457,əbd͡ʒektəv
test_003458,kɹɒsɪŋ
test_003459,stæɪtəs
test_003460,jubɪkwɪtəs
test_003461,ɔtɪstɪk
test_003462,kləʊðɪŋ
test_003463,taɪɹəʊ
test_003464,ɪɹɪspɑnsəbli
test_003465,vɪʒuəlaɪz
test_003466,ɹoʊl
test_003467,viɪkl̩z
test_003468,mɪsɪntɝpɹɪt
test_003469,floʊteɪʃən
test_003470,pɪnkʊʃən
test_003471,ɪmpɜmɪəbəl
test_003472,ɹed͡ʒɪstə
test_003473,piskipɚ
test_003474,məlæsɪz
test_003475,tɹaɪpɒd
test_003476,pɔlɪtɪʃənz
test_003477,ʌnsɜtənti
test_003478,kɒɹɪspɒndəns
test_003479,masəsɔɡə
test_003480,dɑɹtɪd
test_003481,ɹɛtə
test_003482,əʉpənə
test_003483,tok
test_003484,kənɡlɒməɹɪt
test_003485,kɹæm
test_003486,dɪskʌst
test_003487,ɹoʊdənt
test_003488,kwɒlɪfɪkeɪʃənz
test_003489,sɛpəɹeɪt
test_003490,lɪŋɡɚ
test_003491,bɛlhɒp
test_003492,teləkəmjʉtɪŋ
test_003493,əkskɹʉʃiæɪtɪŋ
test_003494,pæɹədɑem
test_003495,fed
test_003496,tɑksɪn
test_003497,nɛsəsɛɹəli
test_003498,dɑekɔtəməs
test_003499,ʌnkʌmfɚtəbl̩
test_003500,kuθ
test_003501,d͡ʒiɔləd͡ʒi
test_003502,wiə̯ɹi
test_003503,mʌf
test_003504,blez
test_003505,kɔɹnfleɪks
test_003506,ɹɐʉdənt
test_003507,ɪntɜnmənt
test_003508,sɜmɛt
test_003509,ɛəweɪ
test_003510,foʊkəst
test_003511,wɔɹmɪst
test_003512,skɛlɪtəl
test_003513,sækɹəlɪd͡ʒəs
test_003514,soʊlləs
test_003515,kotɪsɔl
test_003516,θɪŋkɚ
test_003517,mɑnɪtɛɹi
test_003518,məʉdəs
test_003519,aɪsɒsəliz
test_003520,sɪləkɒn
test_003521,njʉt
test_003522,bidɒn
test_003523,huli
test_003524,plʊɹə
test_003525,kɒstə
test_003526,daɪkɒtəmi
test_003527,teɪkəweɪ
test_003528,sʌðɚli
test_003529,wɒbəli
test_003530,zaɪɡoʊt
test_003531,səvæ̝ɪə
test_003532,ʌntəʊld
test_003533,nɒnəd͡ʒɪnɛrɪən
test_003534,səʉl
test_003535,wɜkmən
test_003536,hɛɹiə
test_003537,skwikə
test_003538,pælə
test_003539,fɛə
test_003540,sɔɹb
test_003541,pɹikəndɪʃən
test_003542,hupu
test_003543,ədvæns
test_003544,ɛkskəveɪtə
test_003545,dɪsəlæɔ
test_003546,həʊnd
test_003547,ɔɡənaɪzeɪʃən
test_003548,enəmi
test_003549,ɹɪzɝv
test_003550,pɛɹəɡɹəneɪʃən
test_003551,pɒləsiz
test_003552,kɹɒs
test_003553,ɪnspəɹæɪʃən
test_003554,mɔnətəʉn
test_003555,faɪ̯nd
test_003556,ænəlɔɡ
test_003557,pɹəd͡ʒektə
test_003558,huɛvɚ
test_003559,æpəlusə
test_003560,ɡɹaʊndbɹeɪkɪŋ
test_003561,wɪpəwɪl
test_003562,ɡɝd͡ʒiz
test_003563,kəɹæɪd͡ʒəs
test_003564,tɜmɪnæɪtə
test_003565,sɐðəli
test_003566,ɛɚweɪ
test_003567,ɹɛzəluʃən
test_003568,ɹɒb
test_003569,bəɹɑmətɚ
test_003570,kənd͡ʒɛkt͡ʃə
test_003571,bɑɹdz
test_003572,klɛvɚ
test_003573,mɒnətɒnɪk
test_003574,wɪðstʊd
test_003575,ɡloɹi
test_003576,fɪkst͡ʃə
test_003577,wɪɹi
test_003578,ɹefəɹənsɪz
test_003579,kɑtun
test_003580,ɛmbəɡjʉəs
test_003581,ɹɛfəɹi
test_003582,vɪzɪə
test_003583,ɛnəlɒɡ
test_003584,sɜkəmskɹɪpʃən
test_003585,ɹɪzɑlvd
test_003586,ɪnsaɪ̯t
test_003587,d͡ʒɔɹəm
test_003588,ɹoʊtɪfɚ
test_003589,steɪkhoʊldɚ
test_003590,əlʊɹɪŋ
test_003591,əd͡ʒoɪnɪŋ
test_003592,bɪɡæn
test_003593,fɹəʊ
test_003594,pɹɑbəbɪlɪstɪk
test_003595,ɪvɑlv
test_003596,kɹæɡzmən
test_003597,kəɹɛktli
test_003598,hɔvə
test_003599,kɒstl̩
test_003600,sɪlɑntɹoʊ
test_003601,dioʊ
test_003602,pʌf
test_003603,weɪvə
test_003604,ɪlɛktə
test_003605,daɪkɒtəmi
test_003606,ɛɡzɛmplɑɹ
test_003607,təɹæɪn
test_003608,ɛɹɐʉ
test_003609,ʃɔthænd
test_003610,tʉfɐʉld
test_003611,klɑt
test_003612,sɪɡnət͡ʃə
test_003613,tɹɑepɒd
test_003614,bɛd
test_003615,dɑtɪd
test_003616,pɹoʊzɪt
test_003617,mɒnətɒnək
test_003618,meʒəɹəbəl
test_003619,ɹɛfəɹənsɪz
test_003620,ɪmbɪtə
test_003621,saɪteɪʃən
test_003622,mɔktæɪl
test_003623,æntisəʊʃəl
test_003624,pɒts
test_003625,kəmpjutə
test_003626,ənɛməni
test_003627,hɪɹəʊɪk
test_003628,ɛɹɪθimə
test_003629,bent͡ʃ
test_003630,θɔn
test_003631,fɪniəl
test_003632,pɹɒsəkjʉʃən
test_003633,ɹəspɒnsəbələti
test_003634,antəʉld
test_003635,klɒt
test_003636,mɐmə
test_003637,ɪntəɡɹæɪt
test_003638,skul
test_003639,sɜtɪfɪkeɪʃən
test_003640,ætəmɪsɪti
test_003641,ɹɛnəsɑns
test_003642,teləkəmjʉtəŋ
test_003643,peɪtɹiət
test_003644,sæɡ
test_003645,ɑbɪtəɹ
test_003646,hæmpstə
test_003647,ɪmpəɹtɜɹbəbəl
test_003648,pɹɑm
test_003649,empəɹə
test_003650,mɛtɹənəʊm
test_003651,skændələs
test_003652,lɛɚ
test_003653,stæɪkhəʉldə
test_003654,bɑk
test_003655,taɪpɑɡɹəfi
test_003656,tɛmpəɹət͡ʃə
test_003657,ɔltɚkeɪʃən
test_003658,vɑləntɪɹ
test_003659,kɐʉl
test_003660,kɪlɑmɪtəɹ
test_003661,wæestlɛnd
test_003662,bəʊ̯ɡəs
test_003663,ɛəweɪ
test_003664,sɪɡnɪt͡ʃə
test_003665,ʃɑɹdz
test_003666,tʉfəʉld
test_003667,ɹimɔɹə
test_003668,t͡ʃeɪ̯mbə
test_003669,lɛə̯
test_003670,ænti
test_003671,lɪbɪtiz
test_003672,skʌldʌɡəɹi
test_003673,əblɪtəɹeɪtɪd
test_003674,pɑɹtəkəl
test_003675,ɹɪdjʉsɪz
test_003676,diəʊ
test_003677,aɪkɔɹ
test_003678,wɪðəd
test_003679,wɒpə
test_003680,tʃʉbøkjəlɐʉsəs
test_003681,skʉl
test_003682,tɒpɪks
test_003683,kənd͡ʒɛkt͡ʃə
test_003684,səfaɪs
test_003685,ɡəfɔ
test_003686,kɑtɪlɪd͡ʒ
test_003687,baɪəɹ
test_003688,sɐʉl
test_003689,dɑd͡ʒ
test_003690,pɹikəndɪʃən
test_003691,kənɒnəkəl
test_003692,mɐʉdəs
test_003693,mɐʉdəs
test_003694,səpɹeʃən
test_003695,sɪləkɑn
test_003696,foɹmətɪv
test_003697,pɹəpəʊz
test_003698,bɛɹli
test_003699,lɒbz
test_003700,nɔtɪləs
test_003701,ʌnsɝtənti
test_003702,ku
test_003703,dəskɹepənsi
test_003704,kʉli
test_003705,kɹɒsɪŋ
test_003706,ləʊdz
test_003707,klɛvɚnəs
test_003708,ɜɹd
test_003709,ɔɹɡænzə
test_003710,lɜkə
test_003711,melənɪn
test_003712,pɒləsiz
test_003713,plænət
test_003714,fæstɚ
test_003715,ɪlɛkt
test_003716,bɛst
test_003717,fɹi
test_003718,flæʃlaɪt
test_003719,tɝbjələnt
test_003720,klæmə
test_003721,ʃeɪvɚ
test_003722,ɡɹɪdlɑk
test_003723,hæŋ
test_003724,tɪmbə
test_003725,ɹɛd͡ʒɪstɚ
test_003726,fjunəɹəɹi
test_003727,əlʉd
test_003728,hɛŋ
test_003729,ɡɹɐʉn
test_003730,sɛɡ
test_003731,dɪfaɪl
test_003732,pɹaɪməɹəli
test_003733,ɹɛd͡ʒɪstɚ
test_003734,ɪntəɡɹæɪt
test_003735,ʃəʊkeɪs
test_003736,d͡ʒɑɹp
test_003737,le̝kt͡ʃɘ
test_003738,kloʊðɪŋ
test_003739,ɡæɡ
test_003740,məʊ
test_003741,sækɹɪfaɪsɪz
test_003742,kɒmpjʊteɪʃənəl
test_003743,sɜfɪt
test_003744,ɜɹθʃaɪn
test_003745,ɡɹæn
test_003746,kɑɹz
test_003747,spoʊlieɪʃən
test_003748,nɪpɛnθi
test_003749,ɪmɜd͡ʒ
test_003750,læŋɡwɪd
test_003751,ɛlbəm
test_003752,t͡ʃɑpi
test_003753,bɔɪləpleɪt
test_003754,ɹed͡ʒɪstɹæɪʃən
test_003755,kændɪdəsi
test_003756,sævɪd͡ʒ
test_003757,ɡɑɹdinjə
test_003758,tɛknɪkəl
test_003759,dəʊnə
test_003760,nɑstæld͡ʒə
test_003761,əpis
test_003762,ænti
test_003763,ænəlɔɡ
test_003764,hæɡ
test_003765,uk
test_003766,bɔdwɔk
test_003767,ɪmoʊʃənəl
test_003768,ɐndəsɜv
test_003769,ɛmbəɡjʉəs
test_003770,ɪntɝpɹɪtɚ
test_003771,wɜʃɪpfl̩
test_003772,ɹɑspɪ
test_003773,ədvɑns
test_003774,fleɪvə
test_003775,əbd͡ʒektɪv
test_003776,kəʉkənɐt
test_003777,pɒzɪtɪvɪzm
test_003778,wɔɹbləɹ
test_003779,ədvɑns
test_003780,blɑɡ
test_003781,ɪnfɔmd
test_003782,θəʊl
test_003783,nɛsəsəɹɪli
test_003784,ɹaʊ̯nd
test_003785,kɐvəɹɪdʒ
test_003786,kɑlɪd͡ʒɪz
test_003787,livə
test_003788,ste
test_003789,voʊsɪfəɹəs
test_003790,kɹɑp
test_003791,lɛkt͡ʃɚ
test_003792,hɔkɚ
test_003793,ɪnfɹəstɹɐkt͡ʃə
test_003794,ʌndɚsɝv
test_003795,læm
test_003796,dʒʉli
test_003797,bɜdz
test_003798,dɛpjəti
test_003799,ɐmpɑeəɹ
test_003800,skaʊɚɪŋ
test_003801,flɛp
test_003802,wɔɹmli
test_003803,ɛɡzəstɛntʃəlɪzəm
test_003804,kɑmpaʊnd
test_003805,daɪkɒtəməs
test_003806,duoʊ
test_003807,æntisəʊʃəl
test_003808,ɒbvi
test_003809,ʌnfɔɹsin
test_003810,ɔdɪnæɹɪli
test_003811,ɛmpəɹə
test_003812,ɹɪspɪɹətəɹi
test_003813,ʃɹʌɡ
test_003814,kɔmpəzɪt
test_003815,litɚ
test_003816,koɹɪspɑndəns
test_003817,səʊl
test_003818,ɛɡzɜpt
test_003819,kænɪbəlɑez
test_003820,kəɹoʊsɪv
test_003821,empəɹə
test_003822,ɹəvin
test_003823,foʊbiə
test_003824,ænəlɑez
test_003825,ɪnfɜɹm
test_003826,pɹɛzɚveɪʃən
test_003827,ɪmpəɹtjunɪti
test_003828,lɪbɚtiz
test_003829,fɛə
test_003830,fæðəm
test_003831,stɑpt
test_003832,spɑkəl
test_003833,tɹaɪpɑd
test_003834,æplɪkeɪʃən
test_003835,pɹəʊɡɹæm
test_003836,kɑt͡ʃɪniəl
test_003837,sʌbɒptɪməl
test_003838,ælbəm
test_003839,pɑpjəleɪt
test_003840,ælbəm
test_003841,ɛləmənt
test_003842,moʊ
test_003843,ɪmbɒdi
test_003844,ɪlɛktɚ
test_003845,ɪɹɛɡjʊlæɹɪti
test_003846,olbiɪt
test_003847,vjuɚ
test_003848,bɛdɹum
test_003849,ænti
test_003850,hʊkɚ
test_003851,pɛɹoʊniəl
test_003852,fɐʉkəst
test_003853,ænəlaɪz
test_003854,diɪti
test_003855,steə
test_003856,ɔdeɪnd
test_003857,ɡɹɪdlɒk
test_003858,tɐft
test_003859,səfɑes
test_003860,mæmə
test_003861,ɛpləkæɪʃən
test_003862,ləʊə
test_003863,læŋɡɚ
test_003864,be̝d
test_003865,kləʊk
test_003866,ful
test_003867,le
test_003868,eləmənts
test_003869,kənd͡ʒɛkt͡ʃɚ
test_003870,tændʊəɹi
test_003871,ɐmpɑeəɹ
test_003872,əlʉd
test_003873,ɛəɹəʊdaɪnæmɪk
test_003874,ænɪmɒsɪti
test_003875,blɛəɹz
test_003876,wɑdɪŋ
test_003877,wɜldz
test_003878,jubɪkwɪtəs
test_003879,tʃʉbøkjəlɐʉsəs
test_003880,ɡɹæɔndbɹæɪkɪŋ
test_003881,ɐnfosin
test_003882,tæmbɹə
test_003883,slɛm
test_003884,kændədəsi
test_003885,daɪkɒtəmi
test_003886,vælətudənɛɹiən
test_003887,sləʊpɪŋ
test_003888,æmbɪʃən
test_003889,t͡ʃɑɹpi
test_003890,pəɹɔksɑed
test_003891,tjubɜkjʊləʊsɪs
test_003892,kɑɪɹəpɹæktəɹ
test_003893,lɛd͡ʒɪslətɪv
test_003894,pæɹɪɡɒɹɪk
test_003895,dæm
test_003896,æpəlusə
test_003897,pɹɛdnɪsəloʊn
test_003898,tɝmɚɪk
test_003899,fʉl
test_003900,tidiəs
test_003901,kɒndʒʌŋktʌɪvəl
test_003902,ləpel
test_003903,ɪntənɛt
test_003904,wɔt͡ʃfəl
test_003905,wɛlnɪs
test_003906,sləʊɡən
test_003907,mɛp
test_003908,iəɹəŋ
test_003909,ænəlaɪz
test_003910,ʌnwɒntɪd
test_003911,kləʊk
test_003912,kəʊn
test_003913,skɪpə
test_003914,fɜɹi
test_003915,dɒŋki
test_003916,sækəɹaɪn
test_003917,huli
test_003918,festəvəl
test_003919,kʌstəməz
test_003920,miɡə
test_003921,tɜmɪnæɪtə
test_003922,ɹɪdjusɪz
test_003923,bælniɒləd͡ʒi
test_003924,wɔlnət
test_003925,ænəlɒɡ
test_003926,aɪkɔ
test_003927,fɪlɪbʌstəɹ
test_003928,mɪnɪməm
test_003929,wɪðɚd
test_003930,ɐkæɪɪk
test_003931,mæmə
test_003932,nəʊmɒn
test_003933,lɒksmɪθ
test_003934,ætəmi
test_003935,ɛnti
test_003936,ɪkskɹuʃieɪtɪŋ
test_003937,kləʉk
test_003938,nɑkʃəs
test_003939,kɹɑkəɹi
test_003940,kɔtɪsɒl
test_003941,ɹəʉdənt
test_003942,koʊɪnsədənt
test_003943,fɛɡ
test_003944,ɡɹeɪt
test_003945,kudoʊ
test_003946,ɐnfosin
test_003947,haɪdɹɒɡɹəfi
test_003948,sækɹɪfɑesɪz
test_003949,deɪnd͡ʒə
test_003950,ɹɪspɔnsəbɪləti
test_003951,fɛstɪvəl
test_003952,vɝnəl
test_003953,pɹɒksɪmət
test_003954,ɪntɪɡɹeɪt
test_003955,əlɔŋɡeɪt
test_003956,kɹɪmənɑlədʒɪst
test_003957,wɛdɪŋ
test_003958,kənfoməti
test_003959,lɪniæɹəti
test_003960,wɛə
test_003961,dɒbɪn
test_003962,fomətɪv
test_003963,fɜɹi
test_003964,æpəθɛtɪk
test_003965,kɑntækt
test_003966,ɔtoʊɛθnəɡɹæfɪk
test_003967,tɜbjələnt
test_003968,pæɪtɹiət
test_003969,wɜkpis
test_003970,mɜdəɹə
test_003971,mæp
test_003972,ɹɛpəɹtɔɹi
test_003973,ɪntəɡɹeɪt
test_003974,ʃɒtɡʌn
test_003975,bæɪk
test_003976,pɒpjʊleɪt
test_003977,kwæɡmaɪəɹ
test_003978,təɹeɪn
test_003979,faɪ̯ɚwɝks
test_003980,æmbɪɡjʉəs
test_003981,pjʉə
test_003982,ɪəɹɪŋ
test_003983,le̝kt͡ʃɘ
test_003984,mɒbstə
test_003985,mɐʉ
test_003986,dɪzɝʃən
test_003987,pɹɔbəbɪlɪstɪk
test_003988,otəmæɪʃən
test_003989,ælbətɹɔs
test_003990,sʌbɑptɪməl
test_003991,ɐnsɜtənti
test_003992,məhaʊt
test_003993,ɹəʉl
test_003994,æɹəɡənt
test_003995,ɪntɝnmənt
test_003996,kɹæɡzmɛn
test_003997,bɹið
test_003998,ɜɹd
test_003999,pɹɛzɚveɪʃən
test_004000,le̝kt͡ʃɘ
test_004001,pəsɛnt
test_004002,weɪstland
test_004003,flʉɪd
test_004004,niɡə
test_004005,ɪnklud
test_004006,roʊmænts
test_004007,sɐðɘli
test_004008,æksɪlɛɹi
test_004009,kəlɛps
test_004010,lɑbz
test_004011,ɪntɜpɹɪtə
test_004012,dɪsɜnɪŋ
test_004013,søkəs
test_004014,dɪfθɪɹiə
test_004015,dɪsɜnd
test_004016,sɒbɪŋ
test_004017,ʌpɹut
test_004018,ɑɹkiɑləd͡ʒi
test_004019,toɹəs
test_004020,piskipə
test_004021,ɹəʊdənt
test_004022,ɹɐʉl
test_004023,oʊzoʊn
test_004024,kɔmpəzɪt
test_004025,məʉ
test_004026,lɔdli
test_004027,vɔləntɪə
test_004028,kənɒnəkəl
test_004029,ælbəm
test_004030,ɑkiɒləd͡ʒi
test_004031,twɜl
test_004032,əʊvəsəʊl
test_004033,kwɑlɪfɪkeɪʃənz
test_004034,əpɒn
test_004035,lɒkɪt
test_004036,steɪtəs
test_004037,otɔnəməs
test_004038,sævəd͡ʒ
test_004039,vəlʌpt͡ʃʊɛɹi
test_004040,dɑsɑɹ
test_004041,əbd͡ʒektəv
test_004042,səpɹimʌm
test_004043,ɪɡnəmɪniəsli
test_004044,supəkælɪfɹæd͡ʒɪlɪstɪkɛkspiælɪdəʊʃəs
test_004045,vɛd͡ʒtəbəl
test_004046,ʌnlɛvənd
test_004047,wɒpə
test_004048,nɛtɪzən
test_004049,kəlɒmətə
test_004050,flɛʃlɑet
test_004051,aɪtəmz
test_004052,bɛɹli
test_004053,poʊt
test_004054,pæɪtɹiət
test_004055,ɑɹbɪtɚ
test_004056,kætəstɹɑfɪk
test_004057,pɹɒbəbələstək
test_004058,fæɡ
test_004059,fæɡ
test_004060,fjʊɹoɹ
test_004061,nɐʉn
test_004062,bɛnəfæktə
test_004063,ləzænjə
test_004064,skimə
test_004065,ɛɚweɪ
test_004066,blɔɡ
test_004067,skɒlə
test_004068,seɪvəɹ
test_004069,mɑtli
test_004070,pɔlɪɡlɔt
test_004071,tjubɜkjʊləʊsɪs
test_004072,əneməni
test_004073,fləʊtɪd
test_004074,ɛnəlaɪz
test_004075,bʊʃ
test_004076,iəɹəŋ
test_004077,jæm
test_004078,festəvəl
test_004079,ɹed͡ʒəstə
test_004080,ɹəkaɪtɪs
test_004081,nəɡoʊʃieɪt
test_004082,ɪnɔɡjʊɹeɪt
test_004083,æd͡ʒaɪl
test_004084,stɛə
test_004085,sænəti
test_004086,kɒmbɪneɪʃənz
test_004087,sɔtə
test_004088,ɪntənɛt
test_004089,ɹɛd͡ʒɪstəd
test_004090,baɪpɑɹtaɪt
test_004091,ɑɹbɪtɚ
test_004092,θoɹn
test_004093,fɑstə
test_004094,fɛɚ
test_004095,ɒbd͡ʒɛktɪv
test_004096,aɪsəʊ̯ɡlɒs
test_004097,pɑlətɪʃənz
test_004098,sɛpəlkə
test_004099,pəsɪst
test_004100,vænɪti
test_004101,fomətəv
test_004102,əɹɪd͡ʒɪnəli
test_004103,kənɔnɪkəl
test_004104,hæɡ
test_004105,bɒðəsəm
test_004106,hʊkɚ
test_004107,nɒmɪneɪt
test_004108,pɹəd͡ʒɛktɚ
test_004109,sɐʉl
test_004110,ɒltønətəv
test_004111,stɹɑedənt
test_004112,ød
test_004113,noʊtəbl̩
test_004114,lɒɡəɹɪə
test_004115,bɐd͡ʒəɹiɡɐ
test_004116,ɡɹæɔndbɹæɪkɪŋ
test_004117,sɛntinəɹi
test_004118,kɹɒs
test_004119,ɹɪhɝsl̩
test_004120,abɪtəɹ
test_004121,pɜsɛpt
test_004122,ɐkiɒləd͡ʒi
test_004123,wɛɹ
test_004124,iθɚ
test_004125,sənθəsəs
test_004126,pɹivɪəs
test_004127,səpɹimɐm
test_004128,haɪpəɹæktɪv
test_004129,nɛtɪzən
test_004130,sʌbsɪkwənt
test_004131,nɐʉtəbəl
test_004132,bɹædɪkɑɹdiə
test_004133,skæɪlə
test_004134,pɹoʊɡɹæm
test_004135,lɪŋɡə
test_004136,skul
test_004137,kɪnisɪks
test_004138,ɡɑdinjə
test_004139,ɡɑsp
test_004140,bæntə
test_004141,hɑlihɑk
test_004142,bɪə̯
test_004143,θinə
test_004144,pɜɡətəɹi
test_004145,flunətɹæzəpæm
test_004146,əbæk
test_004147,dɔɹmɪtɔɹi
test_004148,tæblɔɪd
test_004149,dəfɔɹm
test_004150,əbd͡ʒektɪv
test_004151,ədvæns
test_004152,hezətæɪt
test_004153,jʉbɪkwɪtəs
test_004154,tɹaɪpɒd
test_004155,ɪmjʊnɒlədʒi
test_004156,əbd͡ʒɛktɪv
test_004157,lɒbstə
test_004158,æd͡ʒɑel
test_004159,lɒtə
test_004160,ɪntɚnɛt
test_004161,be̝d
test_004162,dɪskɹepənsi
test_004163,məʊdəs
test_004164,ɹed͡ʒɪstə
test_004165,hæsp
test_004166,kɑlɪd͡ʒɪz
test_004167,ɪnt͡ʃæntɪd
test_004168,ʌndəɡɹaʊnd
test_004169,kəʊæɡjuleɪʃən
test_004170,ænəlaɪz
test_004171,feɪlændʒ
test_004172,ɪmpɜmɪəbəl
test_004173,hʌvɚ
test_004174,ðɛəz
test_004175,əkwætɪk
test_004176,ɹʌɡ
test_004177,kəmjʉnəti
test_004178,æθlit
test_004179,ɪnɪkwɪti
test_004180,leɪbɚz
test_004181,eəwæɪ
test_004182,fɜθ
test_004183,mɛtɹənoʊm
test_004184,skø
test_004185,lɑd
test_004186,feəɹiz
test_004187,hæloʊpɛɹɪdɔl
test_004188,kwæɡmaɪɹ
test_004189,ɛnsɔsəl
test_004190,kɹæm
test_004191,ɪnspəɹæɪʃən
test_004192,kɪlə
test_004193,ɑktɑmənoʊ
test_004194,ɪkskɹuʃieɪtɪŋ
test_004195,dɪskənsɜt
test_004196,bɑkɪŋ
test_004197,pɒləsiz
test_004198,ɹəʊdənt
test_004199,ɹɛm
test_004200,bɹaʊzəs
test_004201,hæləʊpɛɹɪdɒl
test_004202,ʃɑtɡʌn
test_004203,stɹəʊd
test_004204,kɹɪmɪnɒlədʒɪst
test_004205,mɛtəmɔfəsɪs
test_004206,ɡloʊd
test_004207,snʌf
test_004208,θɹupʊt
test_004209,moɹəʉvə
test_004210,kændɪdɪt
test_004211,mɛmwɑ
test_004212,ɡɑsɪpɪŋ
test_004213,fluɪd
test_004214,kænɪbəlaɪz
test_004215,kɔmpəzɪʃən
test_004216,blɒɡ
test_004217,ɹəføɹəl
test_004218,aɪtəmz
test_004219,fed
test_004220,tɛmpɚət͡ʃɚ
test_004221,dɑekɔtəmi
test_004222,eɹəʉdɑenæmɪk
test_004223,dɪstɜbəns
test_004224,wɜɹdz
test_004225,əɹæɔnd
test_004226,haɪdɹɑɡɹəfi
test_004227,oʊldn̩
test_004228,kætɪɡəɹɑez
test_004229,ɛɡzɪɡjuɪti
test_004230,kudəʊ
test_004231,sæɡ
test_004232,kɔpsɪkəl
test_004233,skɝ
test_004234,hɛksoʊs
test_004235,bændəlɪɹ
test_004236,weɪvəɹ
test_004237,bɝɡ
test_004238,snoʊz
test_004239,kætəstɹɑfɪk
test_004240,mɪsɪntɜpɹɪt
test_004241,bɔɹɡənɪzəm
test_004242,kɑnsəleɪʃən
test_004243,məʉdəs
test_004244,kotəsɒl
test_004245,ku
test_004246,ɪnsɑe̯t
test_004247,junɪsɛks
test_004248,ɔltɜnətɪv
test_004249,ɪnspɪɹeɪʃən
test_004250,dɪspniə
test_004251,əpæɹənt
test_004252,daɪkɑtəmi
test_004253,muʃwɑ
test_004254,boʊɡi
test_004255,ɒnswit
test_004256,kævɚnəs
test_004257,bɹɪŋkmənʃɪp
test_004258,tidiəs
test_004259,kəmpjʉtə
test_004260,jutɪlɪtɛəɹiən
test_004261,ɛntəteɪnə
test_004262,steɪkhoʊldɚ
test_004263,kɑdʃɑp
test_004264,pɹəʊtətɪpɪkəl
test_004265,ændɹəʊfɪliə
test_004266,ɒfɪsəz
test_004267,ɛɹɪθimə
test_004268,ælbəm
test_004269,welnɪs
test_004270,kɹæm
test_004271,fɑeəɹwʊd
test_004272,fjʊɹʌŋkəl
test_004273,lɑɹdʒɛs
test_004274,sæɡ
test_004275,dəspɹəpoʃənətli
test_004276,ɡɹaʊlɚ
test_004277,loʊɚ
test_004278,tidɪəs
test_004279,pəsjut
test_004280,ɒltɜnətɪv
test_004281,sævɑnt
test_004282,pɒlikɑbəneɪt
test_004283,stɑɹlɪŋ
test_004284,dɪsəplənɛɹi
test_004285,bɪstəʊ
