row_id,moa_classes
te_00000,Cytochrome P450 2C9 Inhibitors [MoA]
te_00001,Cytochrome P450 3A4 Inhibitors [MoA]
te_00002,Cytochrome P450 1A2 Inducers [MoA]
te_00003,Cytochrome P450 2C9 Inducers [MoA]
te_00004,Protein Kinase Inhibitors [MoA]
te_00005,Protein Kinase Inhibitors [MoA]
te_00006,Cytochrome P450 2D6 Inhibitors [MoA]
te_00007,Cytochrome P450 2C8 Inhibitors [MoA]
te_00008,P-Glycoprotein Inhibitors [MoA]
te_00009,Alkylating Activity [MoA]
te_00010,Alkylating Activity [MoA]
te_00011,P-Glycoprotein Inhibitors [MoA]
te_00012,Cytochrome P450 2C19 Inducers [MoA]
te_00013,Cytochrome P450 3A Inhibitors [MoA]
te_00014,P-Glycoprotein Inhibitors [MoA]
te_00015,Cytochrome P450 2C8 Inhibitors [MoA]
te_00016,Cytochrome P450 1A2 Inducers [MoA]
te_00017,Cytochrome P450 2C9 Inducers [MoA]
te_00018,Cytochrome P450 3A4 Inhibitors [MoA]
te_00019,Cyclooxygenase Inhibitors [MoA]
te_00020,mTOR Inhibitors [MoA]
te_00021,Cytochrome P450 3A4 Inducers [MoA]
te_00022,Nucleic Acid Synthesis Inhibitors [MoA]
te_00023,Cytochrome P450 3A4 Inducers [MoA]
te_00024,Hydroxymethylglutaryl-CoA Reductase Inhibitors [MoA]
te_00025,Nucleic Acid Synthesis Inhibitors [MoA]
te_00026,Hydroxymethylglutaryl-CoA Reductase Inhibitors [MoA]
te_00027,Cytochrome P450 2C19 Inducers [MoA]
te_00028,Cytochrome P450 1A2 Inducers [MoA]
te_00029,Cytochrome P450 3A Inhibitors [MoA]
te_00030,Alkylating Activity [MoA]
te_00031,Cytochrome P450 2C9 Inhibitors [MoA]
te_00032,Cytochrome P450 3A Inducers [MoA]
te_00033,Cytochrome P450 3A4 Inhibitors [MoA]
te_00034,Cytochrome P450 3A4 Inducers [MoA]
te_00035,DNA Polymerase Inhibitors [MoA]
te_00036,Nucleic Acid Synthesis Inhibitors [MoA]
te_00037,Cyclooxygenase Inhibitors [MoA]
te_00038,P-Glycoprotein Inhibitors [MoA]
te_00039,Alkylating Activity [MoA]
te_00040,Breast Cancer Resistance Protein Inhibitors [MoA]
te_00041,Cytochrome P450 2C9 Inhibitors [MoA]
te_00042,Cytochrome P450 2C19 Inducers [MoA]
te_00043,Cyclooxygenase Inhibitors [MoA]
te_00044,Cytochrome P450 3A4 Inducers [MoA]
te_00045,Nucleic Acid Synthesis Inhibitors [MoA]
te_00046,Hydroxymethylglutaryl-CoA Reductase Inhibitors [MoA]
te_00047,Nucleic Acid Synthesis Inhibitors [MoA]
te_00048,Cytochrome P450 3A4 Inducers [MoA]
te_00049,Cyclooxygenase Inhibitors [MoA]
te_00050,DNA Polymerase Inhibitors [MoA]
te_00051,Cytochrome P450 3A4 Inhibitors [MoA]
te_00052,DNA Polymerase Inhibitors [MoA]
te_00053,Cytochrome P450 2C9 Inhibitors [MoA]
te_00054,Protein Kinase Inhibitors [MoA]
te_00055,Carbonic Anhydrase Inhibitors [MoA]
te_00056,P-Glycoprotein Inhibitors [MoA]
te_00057,Carbonic Anhydrase Inhibitors [MoA]
te_00058,Nucleic Acid Synthesis Inhibitors [MoA]
te_00059,Breast Cancer Resistance Protein Inhibitors [MoA]
te_00060,Alkylating Activity [MoA]
te_00061,Hydroxymethylglutaryl-CoA Reductase Inhibitors [MoA]
te_00062,Cytochrome P450 3A4 Inhibitors [MoA]
te_00063,Cytochrome P450 2C9 Inhibitors [MoA]
te_00064,DNA Polymerase Inhibitors [MoA]
te_00065,Hydroxymethylglutaryl-CoA Reductase Inhibitors [MoA]
te_00066,Cytochrome P450 3A4 Inducers [MoA]
te_00067,Alkylating Activity [MoA]
te_00068,Cytochrome P450 2C8 Inhibitors [MoA]
te_00069,Breast Cancer Resistance Protein Inhibitors [MoA]
te_00070,Cytochrome P450 3A4 Inducers [MoA]
te_00071,Cytochrome P450 3A Inducers [MoA]
te_00072,Cytochrome P450 2C19 Inducers [MoA]
te_00073,Cytochrome P450 2B6 Inducers [MoA]
te_00074,Cytochrome P450 2C9 Inhibitors [MoA]
te_00075,Nucleic Acid Synthesis Inhibitors [MoA]
te_00076,Cytochrome P450 2B6 Inducers [MoA]
te_00077,Protein Kinase Inhibitors [MoA]
te_00078,Xanthine Oxidase Inhibitors [MoA]
te_00079,Xanthine Oxidase Inhibitors [MoA]
te_00080,P-Glycoprotein Inhibitors [MoA]
te_00081,Cytochrome P450 2C9 Inducers [MoA]
te_00082,Cytochrome P450 2C9 Inhibitors [MoA]
te_00083,Cytochrome P450 1A2 Inducers [MoA]
te_00084,Cytochrome P450 2C19 Inducers [MoA]
te_00085,Cytochrome P450 3A Inhibitors [MoA]
te_00086,Cyclooxygenase Inhibitors [MoA]
te_00087,Cytochrome P450 2B6 Inducers [MoA]
te_00088,Cytochrome P450 2C19 Inducers [MoA]
te_00089,Cyclooxygenase Inhibitors [MoA]
te_00090,Cytochrome P450 3A4 Inducers [MoA]
te_00091,Carbonic Anhydrase Inhibitors [MoA]
te_00092,P-Glycoprotein Inhibitors [MoA]
te_00093,Breast Cancer Resistance Protein Inhibitors [MoA]
te_00094,Cytochrome P450 2C9 Inhibitors [MoA]
te_00095,Cytochrome P450 2C19 Inducers [MoA]
te_00096,Cytochrome P450 3A Inhibitors [MoA]
te_00097,Cyclooxygenase Inhibitors [MoA]
te_00098,Cytochrome P450 3A Inhibitors [MoA]
te_00099,Cyclooxygenase Inhibitors [MoA]
te_00100,P-Glycoprotein Inhibitors [MoA]
te_00101,Nucleic Acid Synthesis Inhibitors [MoA]
te_00102,Cytochrome P450 3A4 Inhibitors [MoA]
te_00103,Cytochrome P450 2C9 Inhibitors [MoA]
te_00104,Cytochrome P450 2C9 Inhibitors [MoA]
te_00105,Cytochrome P450 3A Inhibitors [MoA]
te_00106,Cyclooxygenase Inhibitors [MoA]
te_00107,Cytochrome P450 3A4 Inhibitors [MoA]
te_00108,Cyclooxygenase Inhibitors [MoA]
te_00109,Cytochrome P450 3A4 Inducers [MoA]
te_00110,Cytochrome P450 3A4 Inhibitors [MoA]
te_00111,Cytochrome P450 2B6 Inducers [MoA]
te_00112,Cytochrome P450 2B6 Inducers [MoA]
te_00113,Breast Cancer Resistance Protein Inhibitors [MoA]
te_00114,Cytochrome P450 3A Inducers [MoA]
te_00115,Cytochrome P450 3A4 Inducers [MoA]
te_00116,Cyclooxygenase Inhibitors [MoA]
te_00117,Cytochrome P450 2B6 Inducers [MoA]
te_00118,DNA Polymerase Inhibitors [MoA]
te_00119,P-Glycoprotein Inhibitors [MoA]
te_00120,P-Glycoprotein Inhibitors [MoA]
te_00121,Protein Kinase Inhibitors [MoA]
te_00122,Cytochrome P450 3A Inhibitors [MoA]
te_00123,mTOR Inhibitors [MoA]
te_00124,Cytochrome P450 3A Inhibitors [MoA]
