row_id,symbol
te_00000,TTLL13
te_00001,ADGRE5
te_00002,ARHGAP31
te_00003,ADGRA2
te_00004,SYT15B
te_00005,TRMT1L
te_00006,GARS1
te_00007,UGT1A
te_00008,PLAAT5
te_00009,RTL9
te_00010,QTMAN
te_00011,GOLGA8H
te_00012,SPDL1
te_00013,LGALSL
te_00014,TRMO
te_00015,TMEM270
te_00016,GASK1A
te_00017,DHFR2
te_00018,TUBB8
te_00019,GALNT16
te_00020,ADGRB1
te_00021,TWNK
te_00022,CIBAR1
te_00023,LZTS3
te_00024,C8orf89
te_00025,DEFB130A
te_00026,TEX54
te_00027,VMP1
te_00028,KIZ
te_00029,TSLIG3A
te_00030,TUBB4A
te_00031,PHETA1
te_00032,ERMARD
te_00033,ANGPTL8
te_00034,ERICH6B
te_00035,TMEM252
te_00036,BRK1
te_00037,LRRC74B
te_00038,SCIMP
te_00039,FAM90A7
te_00040,BORCS5
te_00041,NDNF
te_00042,MB21D2
te_00043,PLPPR2
te_00044,STMP1
te_00045,CCDC182
te_00046,CCER1
te_00047,ERVV-1
te_00048,GAREM1
te_00049,MARCHF10
te_00050,CTXND2
te_00051,FUOM
te_00052,PLPBP
te_00053,CFAP410
te_00054,PPP6R2
te_00055,TIPE1
te_00056,APELA
te_00057,SPACA6
te_00058,PHAF1
te_00059,GCNA
te_00060,BKGD
te_00061,ODAD4
te_00062,NDUFAF6
te_00063,DNAAF10
te_00064,NALF1
te_00065,LRRC73
te_00066,CFAP107
te_00067,UPK3BL2
te_00068,DEFB131B
te_00069,CLPSL2
te_00070,LSMEM1
te_00071,TMEM237
te_00072,SCPPPQ1
te_00073,HDHD5
te_00074,TARS3
te_00075,BEX3
te_00076,CCDC92B
te_00077,MCU
te_00078,MSANTD3
te_00079,METTL27
te_00080,SOWAHC
te_00081,XTBD1
te_00082,SMIM43
te_00083,CELF3
te_00084,LYPD8
te_00085,LVRN
te_00086,SMIM10L1
te_00087,GOLGA8T
te_00088,NREP
te_00089,ALPG
te_00090,COL6A5
te_00091,TRMT10A
te_00092,GBA1
te_00093,PPP4R3B
te_00094,GATB
te_00095,CFAP263
te_00096,WLS
te_00097,OOSP4B
te_00098,GOLGA6L25
te_00099,SAMD15
te_00100,C5orf63
te_00101,RARS1
te_00102,DDX39A
te_00103,GLYATL1B
te_00104,MSANTD7
te_00105,URAD
te_00106,ARK2N
te_00107,C13orf46
te_00108,MRM2
te_00109,ELOC
te_00110,H3C8
te_00111,ASDURF
te_00112,C19orf84
te_00113,MFSD12
te_00114,HTD2
te_00115,PPP1R18
te_00116,HRURF
te_00117,CFAP70
te_00118,YBX3
te_00119,GCSAML
te_00120,PLPPR3
te_00121,H1-3
te_00122,SUPT20H
te_00123,SCYGR4
te_00124,CAVIN4
te_00125,SMIM42
te_00126,CTXND1
te_00127,H3C7
te_00128,PPP1R42
te_00129,P3H2
te_00130,QNG1
te_00131,SLC67A1
te_00132,TENT5B
te_00133,MILR1
te_00134,PCED1B
te_00135,TRAPPC11
te_00136,EEIG1
te_00137,CILK1
te_00138,SPMIP4
te_00139,AMER1
te_00140,MTARC1
te_00141,PRADC1
te_00142,C17orf113
te_00143,KDM7A
te_00144,H4C7
te_00145,EMC10
te_00146,METTL18
te_00147,SACK1H
te_00148,C2CD5
te_00149,BBLN
te_00150,SLC35G3
te_00151,TASL
te_00152,SBK3
te_00153,SELENOI
te_00154,TRARG1
te_00155,C20orf204
te_00156,AMER3
te_00157,RTL6
te_00158,NAT16
te_00159,RLIG1
te_00160,CRYBG2
te_00161,CEP104
te_00162,SELENOF
te_00163,MIX23
te_00164,ADGRE3
te_00165,TMEM121B
te_00166,FAM222B
te_00167,ARHGAP42
te_00168,SPATC1L
te_00169,ARHGEF40
te_00170,CDHR1
te_00171,TMEM178A
te_00172,SYCE3
te_00173,SSMEM1
te_00174,ARHGEF26
te_00175,CATSPERQ
te_00176,MMUT
te_00177,BRAT1
te_00178,FAM236C
te_00179,AIRIM
te_00180,FIRRM
te_00181,SMIM11
te_00182,H3C14
te_00183,LAMTOR3
te_00184,OR4N4C
te_00185,NPY4R
te_00186,FAM246B
te_00187,DEMA1
te_00188,OR13C7
te_00189,JCAD
te_00190,MIGA2
te_00191,FAM90A17
te_00192,TGFBR3L
te_00193,BRINP2
te_00194,RHEX
te_00195,TEX53
te_00196,ARMH3
te_00197,ETDC
te_00198,CT45A8
te_00199,CEP19
te_00200,FAM217A
te_00201,SC5D
te_00202,BECN2
te_00203,B3GLCT
te_00204,GPHRA
te_00205,UTS2B
te_00206,ABHD17C
te_00207,MARCHF1
te_00208,NEMP2
te_00209,HACL2
te_00210,RMDN3
te_00211,BBOF1
te_00212,SELENOS
te_00213,CFAP119
te_00214,CIBAR2
te_00215,NEXMIF
te_00216,AGO2
te_00217,TMEM217B
te_00218,APOBR
te_00219,RSPH14
te_00220,PAGR1
te_00221,CLMB
te_00222,H4C9
te_00223,MISFA
te_00224,SPACDR
te_00225,STPG3
te_00226,LINS1
te_00227,TOMM70
te_00228,SMIM10L2B
te_00229,NPIPA1
te_00230,COLGALT2
te_00231,PLPPR4
te_00232,USP17L1
te_00233,CATSPERD
te_00234,SCYGR7
te_00235,GMCL2
te_00236,BRINP1
te_00237,LURAP1L
te_00238,CTC1
te_00239,ERVMER34-1
te_00240,CDHR2
te_00241,IL36A
te_00242,FAM90A8
te_00243,C1orf202
te_00244,KNOP1
te_00245,PHF2
te_00246,CNOT11
te_00247,ADSS2
te_00248,FAM110D
te_00249,RMP64
te_00250,SMIM34
te_00251,CFAP69
te_00252,VWA8
te_00253,CIMAP1C
te_00254,IFT56
te_00255,CEP95
te_00256,ATG13
te_00257,SDHAF3
te_00258,MACO1
te_00259,TUT7
te_00260,FAM90A9
te_00261,H1-4
te_00262,C16orf96
te_00263,GOLGA8K
te_00264,FNDC11
te_00265,SHOC1
te_00266,FAM90A15
te_00267,DEUP1
te_00268,SMIM30
te_00269,CFAP58
te_00270,ZMAT5
te_00271,CPHXL
te_00272,PRXL2A
te_00273,DPH6
te_00274,EDDM3A
te_00275,NSD2
te_00276,CFAP91
te_00277,TMEM243
te_00278,SPATA33
te_00279,FNDC10
te_00280,TENT5C
te_00281,SPRR5
te_00282,FAM209A
te_00283,TENT2
te_00284,SPMIP8
te_00285,SMIM5
te_00286,CCDC174
te_00287,PRRC2A
te_00288,SPECC1L
te_00289,KMT2D
te_00290,TAS2R2
te_00291,EFCAB12
te_00292,TAF11L12
te_00293,NCS1
te_00294,CFAP95
te_00295,NAA50
te_00296,MTERF2
te_00297,NWD2
te_00298,ADA2
te_00299,SLC67A2
te_00300,DMAC2L
te_00301,CERS4
te_00302,STYXL2
te_00303,CFAP74
te_00304,USP17L13
te_00305,H3C13
te_00306,CFAP44
te_00307,POGLUT2
te_00308,FDCSP
te_00309,KYAT1
te_00310,TERB2
te_00311,PIANP
te_00312,NPIPB5
te_00313,UQCC1
te_00314,SMIM19
te_00315,GOLGA6L24
te_00316,GCFC2
te_00317,MTLN
te_00318,MARCHF2
te_00319,DRC12
te_00320,NPIPA8
te_00321,TMDD1
te_00322,SLC9C1
te_00323,ADGRL1
te_00324,SMIM47
te_00325,CEP170B
te_00326,KANSL1
te_00327,TENT5A
te_00328,SMIM12
te_00329,TENT5D
te_00330,SPPL2B
te_00331,SLC68A1
te_00332,DRC7
te_00333,IFITM10
te_00334,LRRC51
te_00335,NMRK2
te_00336,PRMT9
te_00337,DNAAF9
te_00338,PRORP
te_00339,TIPE3
te_00340,STEEP1
te_00341,GALNT18
te_00342,WHR1
te_00343,EMC6
te_00344,IFNL4
te_00345,FAM241B
te_00346,IGLL5
te_00347,IFT70B
te_00348,DIPK1B
te_00349,ARHGEF25
te_00350,NT5C3A
te_00351,EMC4
te_00352,H1-6
te_00353,EMC7
te_00354,SPMIP9
te_00355,NAA10
te_00356,NAA30
te_00357,HPF1
te_00358,CNMD
te_00359,ZBTB35
te_00360,SLC49A3
te_00361,CPTP
te_00362,MZB1
te_00363,ATOSB
te_00364,FAM236A
te_00365,CEP15
te_00366,AXDND1
te_00367,TERB1
te_00368,ODAPH
te_00369,NOA1
te_00370,CMC4
te_00371,HROB
te_00372,PROB1
te_00373,ZBTB18
te_00374,PP2D1
te_00375,EOLA2
te_00376,CCN6
te_00377,LYSET
te_00378,TRAPPC13
te_00379,NALF2
te_00380,GARIN5A
te_00381,ZSWIM8
te_00382,H3-3A
te_00383,FAXC
te_00384,IQCN
te_00385,MISO1
te_00386,P3H1
te_00387,CACFD1
te_00388,GIMD1
te_00389,MSANTD2
te_00390,CFAP54
te_00391,LMNTD2
te_00392,CT45A7
te_00393,SMIM21
te_00394,FHIP2A
te_00395,SELENOK
te_00396,SPDYE9
te_00397,C20orf203
te_00398,GCSAM
te_00399,ANKRD36C
te_00400,SSUH2
te_00401,USP17L30
te_00402,CFAP100
te_00403,C3orf85
te_00404,LRCOL1
te_00405,H1-5
te_00406,RAMACL
te_00407,LAMTOR2
te_00408,HACD4
te_00409,SPART
te_00410,MINAR1
te_00411,VSIG10L2
te_00412,AUNIP
te_00413,TAF11L5
te_00414,LAMTOR5
te_00415,TRIQK
te_00416,IL36B
te_00417,ERFL
te_00418,FAAP24
te_00419,TMEM236
te_00420,ERICH2
te_00421,RUMY1
te_00422,CT47C1
te_00423,H1-8
te_00424,IFT38
te_00425,ARLN
te_00426,GPRASP3
te_00427,JPT2
te_00428,SLC66A3
te_00429,ERLN
te_00430,DUSP13B
te_00431,MCUB
te_00432,CFAP221
te_00433,SLC35G5
te_00434,THEM6
te_00435,RADX
te_00436,SLC60A1
te_00437,TAF11L6
te_00438,TMEM240
te_00439,TMEM255A
te_00440,ANHX
te_00441,IGL
te_00442,PLPP4
te_00443,DEFB109D
te_00444,HDIP1
te_00445,SACK1F
te_00446,FAM227A
te_00447,MYMK
te_00448,MARCHF3
te_00449,ADGRE2
te_00450,ARHGEF33
te_00451,CENPVL3
te_00452,DNPH1
te_00453,CCDC180
te_00454,RRP36
te_00455,GASK1B
te_00456,CCDC175
te_00457,CEP131
te_00458,SKIC2
te_00459,DMAC1
te_00460,ASPNAT
te_00461,TZMP1
te_00462,TEX26
te_00463,RNF228
te_00464,SOWAHD
te_00465,COXFA4L3
te_00466,ELFN1
te_00467,BCLAF3
te_00468,CHAMP1
te_00469,NAA35
te_00470,MBD3L5
te_00471,TXLNG
te_00472,MATCAP1
te_00473,SCYGR5
te_00474,C8orf88
te_00475,SLC25A53
te_00476,EOLA1
te_00477,REXO5
te_00478,CATSPERE
te_00479,REDIC1
te_00480,GATD3
te_00481,RETREG1
te_00482,SLCO1B7
te_00483,CARNS1
te_00484,PRR27
te_00485,CFAP43
te_00486,FIMP1
te_00487,CLASRP
te_00488,DEFB109C
te_00489,MTRES1
te_00490,KICS2
te_00491,OOSP2
te_00492,CYB561A3
te_00493,FOXL3
te_00494,CERS6
te_00495,RTL8C
te_00496,PRRC2C
te_00497,SPDYE17
te_00498,SMCO3
te_00499,USP17L26
te_00500,FFAR4
te_00501,PRR33
te_00502,IL37
te_00503,IFT54
te_00504,SLC25A47
te_00505,CEP20
te_00506,LARS1
te_00507,ARHGAP32
te_00508,SPRING1
te_00509,DYNC2I1
te_00510,FAAP100
te_00511,WBP1L
te_00512,CHP1
te_00513,H4C16
te_00514,SMIM14
te_00515,OGA
te_00516,SDHAF4
te_00517,KMT2E
te_00518,CCN2
te_00519,CFAP144
te_00520,EFCAB14
te_00521,FAM199X
te_00522,DISP3
te_00523,DEFB4B
te_00524,C21orf140
te_00525,PRR35
te_00526,CDHR4
te_00527,CFAP57
te_00528,ABHD17B
te_00529,RTL4
te_00530,CT83
te_00531,MIMS2
te_00532,IFTAP
te_00533,ETDB
te_00534,SMIM8
te_00535,GOLGA8N
te_00536,HILPDA
te_00537,IMMP1L
te_00538,PPP1R26
te_00539,HNRNPLL
te_00540,SLF2
te_00541,OOSP4A
te_00542,SLC22A31
te_00543,EFL1
te_00544,PLAAT3
te_00545,PARPBP
te_00546,CFAP126
te_00547,C4orf54
te_00548,C14orf39
te_00549,CFAP300
te_00550,ABHD18
te_00551,ARHGAP39
te_00552,MELTF
te_00553,FAM90A20
te_00554,IQCM
te_00555,SKIC3
te_00556,ZNG1A
te_00557,CFAP99
te_00558,MEIOSIN
te_00559,TEX30
te_00560,ADGRG1
te_00561,NPIPB6
te_00562,HNRNPDL
te_00563,CELF5
te_00564,UQCR11
te_00565,PPIP5K2
te_00566,DCSTAMP
te_00567,DNAAF19
te_00568,UFD1
te_00569,SCX
te_00570,CXCL8
te_00571,OR10D3
te_00572,PLEC
te_00573,EXOC3L1
te_00574,CMSS1
te_00575,SPPL3
te_00576,HNRNPA1L3
te_00577,RTCB
te_00578,USP17L27
te_00579,SRGAP2B
te_00580,WARS1
te_00581,ADGRV1
te_00582,NSRP1
te_00583,CCDC187
te_00584,SCAF4
te_00585,C8orf90
te_00586,SMIM10L3
te_00587,SLC51A
te_00588,CCDC195
te_00589,H4C8
te_00590,SNU13
te_00591,ADISSP
te_00592,UQCC4
te_00593,PRRT1B
te_00594,ERVFRD-1
te_00595,TMEM267
te_00596,MPIG6B
te_00597,METTL13
te_00598,MSRB1
te_00599,SPDYE2B
te_00600,PIRT
te_00601,SELENOO
te_00602,ANKRD63
te_00603,CFAP96
te_00604,KLHL42
te_00605,CEP57L1
te_00606,NPIPB3
te_00607,TMEM263
te_00608,PACC1
te_00609,OR14L1
te_00610,PTPN20
te_00611,RESF1
te_00612,WDCP
te_00613,SLC8B1
te_00614,ELOA
te_00615,ODAD3
te_00616,FAM227B
te_00617,NTMT2
te_00618,LACTBL1
te_00619,GUCD1
te_00620,INTS11
te_00621,KAT6B
te_00622,OR8G3
te_00623,CAVIN3
te_00624,DDX39B
te_00625,MARF1
te_00626,SPMIP5
te_00627,TTI1
te_00628,H3C11
te_00629,CERS5
te_00630,IARS1
te_00631,H3-4
te_00632,FHIP2B
te_00633,SKIC8
te_00634,CXorf51B
te_00635,CFAP53
te_00636,SLC9D1
te_00637,NAXE
te_00638,PUM3
te_00639,ADGRF4
te_00640,ACOD1
te_00641,NTMT1
te_00642,SMIM46
te_00643,CYRIB
te_00644,FAM90A3
te_00645,SPATA6L
te_00646,KAT14
te_00647,CCDC183
te_00648,ERVW-1
te_00649,AK8
te_00650,SAMTOR
te_00651,TEX47
te_00652,GEMIN2
te_00653,SLC50A1
te_00654,PLPPR1
te_00655,CNOT12
te_00656,RXYLT1
te_00657,ADGRL2
te_00658,SPDYE12
te_00659,CSNK2A3
te_00660,ACKR3
te_00661,RTCA
te_00662,FNDC9
te_00663,TEX36
te_00664,TAF11L2
te_00665,MGAM2
te_00666,MTREX
te_00667,CCDC185
te_00668,SMIM23
te_00669,FAM221B
te_00670,ADGB
te_00671,BORCS7
te_00672,SLC33A2
te_00673,ECI1
te_00674,MICU3
te_00675,FAM236D
te_00676,CGAS
te_00677,ADSS1
te_00678,SLURP2
te_00679,CFAP210
te_00680,SFSWAP
te_00681,NYAP1
te_00682,FAM90A13
te_00683,FAM216A
te_00684,ERICH3
te_00685,BNIP5
te_00686,USP17L28
te_00687,DUS2
te_00688,SLC9C2
te_00689,RTL8A
te_00690,LRRC3C
te_00691,CYRIA
te_00692,CCDC201
te_00693,PAXBP1
te_00694,YARS1
te_00695,TEKTIP1
te_00696,TMEM235
te_00697,DNAAF2
te_00698,SPINDOC
te_00699,IFT25
te_00700,SF3B6
te_00701,POPDC1
te_00702,ANKUB1
te_00703,MATCAP2
te_00704,MVB12A
te_00705,TMIGD3
te_00706,TSLIG3B
te_00707,INTS14
te_00708,ENKD1
te_00709,H3C4
te_00710,OGFOD3
te_00711,SCYGR3
te_00712,ETNPPL
te_00713,WDR83OS
te_00714,CPLANE2
te_00715,GARIN1B
te_00716,HACD3
te_00717,UQCR10
te_00718,NCR3LG1
te_00719,CZIB
te_00720,GPER1
te_00721,TIGAR
te_00722,ANKRD65
te_00723,SQOR
te_00724,PCNX1
te_00725,MRM3
te_00726,ARSL
te_00727,THEMIS2
te_00728,CMC2
te_00729,TYW5
te_00730,PTPA
te_00731,CCSAP
te_00732,FAM90A12
te_00733,RMC1
te_00734,TRAPPC14
te_00735,SPDYE18
te_00736,UQCC6
te_00737,NPIPB7
te_00738,DORIP1
te_00739,RNF212B
te_00740,TMEM131L
te_00741,CRYBG1
te_00742,CES5A
te_00743,CARNMT1
te_00744,CCNP
te_00745,APOLTP
te_00746,UQCC5
te_00747,ADGRF3
te_00748,TAF11L7
te_00749,RBM48
te_00750,SLC71A2
te_00751,RNF227
te_00752,FAM234A
te_00753,CREBRF
te_00754,MTERF3
te_00755,ZFTRAF1
te_00756,CYP2D7
te_00757,CFAP251
te_00758,SMIM10L2A
te_00759,CLPSL1
te_00760,USP17L22
te_00761,STPG4
te_00762,TRB
te_00763,IRF2BPL
te_00764,CHLSN
te_00765,GNG5B
te_00766,PPM1N
te_00767,CFAP298
te_00768,PTX4
te_00769,TESPA1
te_00770,DIPK2B
te_00771,NPIPA3
te_00772,PPP4R3A
te_00773,ZBTB49
te_00774,ZBED11
te_00775,TASOR2
te_00776,DGLUCY
te_00777,NAA80
te_00778,PPIAL4H
te_00779,PLAAT1
te_00780,OCSTAMP
te_00781,A3GALT2
te_00782,MIEF2
te_00783,CERS2
te_00784,H4C13
te_00785,ITIH6
te_00786,KMT5C
te_00787,NARS1
te_00788,TMEM253
te_00789,SCYGR1
te_00790,DPH7
te_00791,SMIM48
te_00792,PLPP1
te_00793,NAA16
te_00794,ANKEF1
te_00795,H3-5
te_00796,H4C6
te_00797,IHO1
te_00798,RNF223
te_00799,FAM90A18
te_00800,TCP11X2
te_00801,STK26
te_00802,CPQ
te_00803,ACTRT3
te_00804,PXDC1
te_00805,SLC18B1
te_00806,FAM219B
te_00807,TRIR
te_00808,H3C12
te_00809,HMCES
te_00810,NMRK1
te_00811,SIMC1
te_00812,H3-3B
te_00813,PRR29
te_00814,GPAT4
te_00815,CIMIP2C
te_00816,DYNAP
te_00817,GOLGA6L22
te_00818,TTI2
te_00819,TAF11L8
te_00820,USP17L20
te_00821,MTCL1
te_00822,PLGRKT
te_00823,BLTP3B
te_00824,SMIM15
te_00825,COQ8A
te_00826,USP17L21
te_00827,CERS3
te_00828,TIMM29
te_00829,NDUFAF7
te_00830,CIAO2A
te_00831,RTRAF
te_00832,CAVIN2
te_00833,GOLM2
te_00834,HSFX3
te_00835,MARCHF6
te_00836,ZSCAN5C
te_00837,TEX29
te_00838,NRDC
te_00839,CEP85L
te_00840,ABTB3
te_00841,WDR45B
te_00842,MEI4
te_00843,USP17L25
te_00844,PLPP3
te_00845,IFNLR1
te_00846,AGO1
te_00847,TRIM51
te_00848,UFL1
te_00849,SNORC
te_00850,FAM219A
te_00851,CALHM5
te_00852,TMEM265
te_00853,METTL16
te_00854,CCNQ
te_00855,METTL23
te_00856,GARIN4
te_00857,AP5Z1
te_00858,ANAPC16
te_00859,DIPK2A
te_00860,FOCAD
te_00861,RTL10
te_00862,TMEM275
te_00863,DMTN
te_00864,EQTN
te_00865,VCPKMT
te_00866,IFT70A
te_00867,ATOSA
te_00868,ADGRG7
te_00869,MROH8
te_00870,SLC52A2
te_00871,RIOX1
te_00872,ZBTB21
te_00873,CCER2
te_00874,NUP58
te_00875,POMK
te_00876,TRIM49B
te_00877,CCDC188
te_00878,BABAM1
te_00879,FAM217B
te_00880,NTAQ1
te_00881,POGLUT3
te_00882,TMEM278
te_00883,RIMOC1
te_00884,SPDYE21
te_00885,ELP5
te_00886,SACK1C
te_00887,ERO1B
te_00888,GARIN5B
te_00889,ZUP1
te_00890,CCDC172
te_00891,FTCDNL1
te_00892,GOLGA8O
te_00893,EPOP
te_00894,CPAP
te_00895,IQANK1
te_00896,ANXA2R
te_00897,CCAR2
te_00898,TEFM
te_00899,SMCO4
te_00900,FAM90A14
te_00901,FAM221A
te_00902,PYCR3
te_00903,CFAP47
te_00904,TMT1B
te_00905,EDDM13
te_00906,SAXO6
te_00907,TMEM256
te_00908,CALHM6
te_00909,SCYGR8
te_00910,TENT4B
te_00911,CEP43
te_00912,GOLGA8R
te_00913,H3C3
te_00914,NAA40
te_00915,MSMO1
te_00916,TRAPPC12
te_00917,COPRS
te_00918,ADGRF1
te_00919,MACIR
te_00920,PTBP3
te_00921,EMC8
te_00922,NPIPA5
te_00923,TMEM239
te_00924,SMIM22
te_00925,LSMEM2
te_00926,ENTREP2
te_00927,CCDC71L
te_00928,CNTRL
te_00929,SARS1
te_00930,CPHXL2
te_00931,C1orf232
te_00932,METTL22
te_00933,MTCL2
te_00934,ARHGAP35
te_00935,SAXO5
te_00936,OR2I1
te_00937,ATXN7L3B
te_00938,PRR14L
te_00939,ETFBKMT
te_00940,SPACA7
te_00941,PCLAF
te_00942,EMC2
te_00943,SMIM1
te_00944,ACSM6
te_00945,SANBR
te_00946,UBE2L5
te_00947,TCAF2
te_00948,CCN1
te_00949,GAREM2
te_00950,PVALEF
te_00951,TARS1
te_00952,KATNIP
te_00953,SMIM31
te_00954,GET3
te_00955,SACK1D
te_00956,CFAP90
te_00957,ACKR5
te_00958,CEP112
te_00959,PIMREG
te_00960,TESMIN
te_00961,TIMMDC1
te_00962,DDX11L13
te_00963,SUGP1
te_00964,C3orf80
te_00965,SPMAP1
te_00966,MTRFR
te_00967,NAA20
te_00968,KANSL3
te_00969,RSKR
te_00970,U2SURP
te_00971,FSAF1
te_00972,TMEM178B
te_00973,NCMAP
te_00974,TRIM49C
te_00975,C14orf180
te_00976,CEMIP
te_00977,CATSPERT
te_00978,SLC52A1
te_00979,LY6S
te_00980,CDHR3
te_00981,ENDOV
te_00982,SSC4D
te_00983,DARS1
te_00984,NRROS
te_00985,FAM90A23
te_00986,MCUR1
te_00987,ETDA
te_00988,CLECL1
te_00989,TRIM77
te_00990,GATD1
te_00991,CCDC186
te_00992,DNAAF1
te_00993,NTPCR
te_00994,CENPC
te_00995,ARHGAP33
te_00996,NELFA
te_00997,SAXO3
te_00998,PTRHD1
te_00999,EPRS1
te_01000,CDIP1
te_01001,CCDC194
te_01002,MLDHR
te_01003,INAVA
te_01004,PANO1
te_01005,TYW2
te_01006,PAK5
te_01007,TMEM225B
te_01008,TAF11L4
te_01009,CFAP418
te_01010,CFAP36
te_01011,TENM1
te_01012,INTS6L
te_01013,CCNYL1B
te_01014,SPMIP1
te_01015,CIART
te_01016,GLMP
te_01017,UPK3BL1
te_01018,RMDN2
te_01019,CAMSAP3
te_01020,FAM228B
te_01021,NUP42
te_01022,H4C2
te_01023,PRR30
te_01024,TCIM
te_01025,TMA16
te_01026,SPMIP10
te_01027,PPP4R3C
te_01028,OXLD1
te_01029,LDLRAD4
te_01030,KDM4E
te_01031,H3C1
te_01032,TMEM272
te_01033,LRRC75B
te_01034,GARIN3
te_01035,ASIC1
te_01036,GOLGA8S
te_01037,HYPK
te_01038,NAA11
te_01039,USP17L18
te_01040,TSACC
te_01041,TAF11L14
te_01042,RTF2
te_01043,KLHL41
te_01044,CBLIF
te_01045,ERICH5
te_01046,MCIDAS
te_01047,KDM8
te_01048,PHYKPL
te_01049,CIROZ
te_01050,TIMM21
te_01051,SPTSSA
te_01052,SELENOV
te_01053,LRRC71
te_01054,C2orf72
te_01055,BACC1
te_01056,LRR1
te_01057,PLEKHS1
te_01058,AMER2
te_01059,ICE2
te_01060,RBFOX3
te_01061,CNBD2
te_01062,LRRC74A
te_01063,TMSB15C
te_01064,CCN4
te_01065,TMEM255B
te_01066,P3H4
te_01067,BORCS8
te_01068,TMEM35A
te_01069,NXPE2
te_01070,CCDC178
te_01071,TEKTL1
te_01072,PIP4P2
te_01073,TMEM247
te_01074,SAXO2
te_01075,AAMDC
te_01076,PYURF
te_01077,SYBU
te_01078,AOPEP
te_01079,ZBED8
te_01080,PRIMPOL
te_01081,MPC2
te_01082,CCDC170
te_01083,ANOS1
te_01084,CSTPP1
te_01085,TMT1A
te_01086,MDFIC2
te_01087,CTSL
te_01088,NBDY
te_01089,PLPP7
te_01090,MRTFB
te_01091,OOSP1
te_01092,MAJIN
te_01093,GGTA1
te_01094,TUT4
te_01095,TEX55
te_01096,ZNG1F
te_01097,SBSPON
te_01098,SAYSD1
te_01099,IFT27
te_01100,PRSS56
te_01101,ZGRF1
te_01102,NSD3
te_01103,SWSAP1
te_01104,RPP25L
te_01105,PLPPR5
te_01106,BOD1L2
te_01107,PRSS51
te_01108,CCSER1
te_01109,CCDC177
te_01110,MVB12B
te_01111,CEP295
te_01112,GET4
te_01113,POLR1F
te_01114,TVP23C
te_01115,PKM
te_01116,MTARC2
te_01117,SPMIP11
te_01118,GPATCH2L
te_01119,UQCC2
te_01120,MNMIP1
te_01121,FCSK
te_01122,ATG101
te_01123,SPINK14
te_01124,C19orf85
te_01125,SLC75A1
te_01126,INTS13
te_01127,SPATA32
te_01128,VRTN
te_01129,MSANTD4
te_01130,SLC25A51
te_01131,ERO1A
te_01132,CCDC191
te_01133,B4GAT1
te_01134,NPIPB15
te_01135,SPMIP7
te_01136,P3R3URF
te_01137,MICOS13
te_01138,TEX44
te_01139,BLTP3A
te_01140,SHLD1
te_01141,NAA15
te_01142,DYNLT2B
te_01143,PGCKA1
te_01144,FMC1
te_01145,BABAM2
te_01146,GOLGA8M
te_01147,TONSL
te_01148,MYRFL
te_01149,CTSV
te_01150,B3GALT9
te_01151,VXN
te_01152,ASIC4
te_01153,PIERCE2
te_01154,PTGDR2
te_01155,SPDYE8
te_01156,OSER1
te_01157,PPIP5K1
te_01158,FAM237B
te_01159,EOGT
te_01160,SKOR1
te_01161,PINX1
te_01162,SLC9B1
te_01163,CCDC9B
te_01164,AP5B1
te_01165,GREP1
te_01166,SMIM32
te_01167,KMT2C
te_01168,SMIM20
te_01169,TEX22
te_01170,SMIM40
te_01171,TRMT10B
te_01172,NDUFAF8
te_01173,DIPK1A
te_01174,SOWAHA
te_01175,SIRAL2
te_01176,KYAT3
te_01177,SYNDIG1
te_01178,SERTM2
te_01179,AP5S1
te_01180,METTL21A
te_01181,USP17L15
te_01182,EDRF1
te_01183,METTL26
te_01184,ADGRL4
te_01185,FAN1
te_01186,NEURL1
te_01187,FAM90A11
te_01188,OPRPN
te_01189,CIP2A
te_01190,TMEM234
te_01191,TRD
te_01192,EPPIN
te_01193,H3C2
te_01194,MZT1
te_01195,SELENOH
te_01196,LRRC75A
te_01197,SPDYE10
te_01198,NAA38
te_01199,COPS9
te_01200,PPDPFL
te_01201,ADGRG3
te_01202,ENTR1
te_01203,SMIM35
te_01204,SCYGR2
te_01205,C2orf66
te_01206,FAM229A
te_01207,M1AP
te_01208,C11orf97
te_01209,OTOL1
te_01210,PGBDF
te_01211,ZBTB14
te_01212,CEP83
te_01213,ASIC3
te_01214,HNRNPCL4
te_01215,MRLN
te_01216,CEP44
te_01217,MTFR2
te_01218,NPIPA2
te_01219,SLC35G1
te_01220,PCNX2
te_01221,CYREN
te_01222,DUX4
te_01223,TCP11X1
te_01224,ADGRB2
te_01225,GMNC
te_01226,TSLIG1
te_01227,PLPP5
te_01228,TPRX2
te_01229,SLC52A3
te_01230,SMIM26
te_01231,BRD10
te_01232,PEX2
te_01233,GSTT4
te_01234,IFT22
te_01235,P3H3
te_01236,CABS1
te_01237,SMIM9
te_01238,TMPRSS15
te_01239,CIMIP2A
te_01240,IL36G
te_01241,CPED1
te_01242,TRIL
te_01243,ENTREP1
te_01244,HSFX4
te_01245,STPG2
te_01246,CFAP45
te_01247,DNAAF6
te_01248,CEMIP2
te_01249,TSBP1
te_01250,C11orf87
te_01251,PPP1R27
te_01252,DNAI3
te_01253,KNL1
te_01254,TRMT10C
te_01255,SGF29
te_01256,CFAP77
te_01257,TMEM259
te_01258,AK4
te_01259,TENM4
te_01260,PALD1
te_01261,ARMH2
te_01262,OSBPL1A
te_01263,AJM1
te_01264,UBAP1L
te_01265,MUCL3
te_01266,SPDYE11
te_01267,TCAIM
te_01268,TIPE2
te_01269,KMT2B
te_01270,UVSSA
te_01271,LMNTD1
te_01272,SCGB1C2
te_01273,CSKMT
te_01274,IFIT1B
te_01275,CMTR2
te_01276,USP17L24
te_01277,TMEM276
te_01278,CLTRN
te_01279,PLAAT4
te_01280,CFAP65
te_01281,PUDP
te_01282,G6PC1
te_01283,IGIP
te_01284,RETREG2
te_01285,PGAP4
te_01286,RTL8B
te_01287,CIMIP7
te_01288,PDPR
te_01289,SLC35E2B
te_01290,ARHGAP44
te_01291,KMT2A
te_01292,DRAXIN
te_01293,PHB1
te_01294,USP17L11
te_01295,H3Y2
te_01296,CIAO2B
te_01297,TIMM10B
te_01298,CRAMP1
te_01299,GPHRB
te_01300,C7orf78
te_01301,COXFA4L2
te_01302,RBFOX2
te_01303,H3C6
te_01304,SMIM28
te_01305,BRICD5
te_01306,FAM174C
te_01307,ERV3-1
te_01308,ZSWIM9
te_01309,TMEM266
te_01310,FAM204A
te_01311,POMGNT2
te_01312,CARF
te_01313,PTCHD4
te_01314,SCGB2B2
te_01315,CERS1
te_01316,SELENON
te_01317,CFAP276
te_01318,AOC1
te_01319,MROH9
te_01320,TUBB8B
te_01321,TLDC2
te_01322,SYNE3
te_01323,DTD2
te_01324,AGMO
te_01325,ZC3H11D
te_01326,CCDC179
te_01327,APMAP
te_01328,BBIP1
te_01329,C2orf92
te_01330,FLACC1
te_01331,ZSCAN26
te_01332,MTERF1
te_01333,CGB3
te_01334,MROH2A
te_01335,GARRE1
te_01336,PALM3
te_01337,CCDC196
te_01338,PPP6R1
te_01339,MARCHF7
te_01340,SPECC1
te_01341,SLC49A4
te_01342,PLK5
te_01343,WDR97
te_01344,RIPOR1
te_01345,ZNG1B
te_01346,ODAD2
te_01347,MLIP
te_01348,CIPC
te_01349,NELFE
te_01350,MYZAP
te_01351,SMIM13
te_01352,FAM209B
te_01353,KDM4F
te_01354,CELF2
te_01355,RBFOX1
te_01356,BMAL1
te_01357,SPACA9
te_01358,BLTP1
te_01359,SAPCD1
te_01360,CNTNAP3C
te_01361,SINHCAF
te_01362,ECPAS
te_01363,SLC35D4
te_01364,NXPE1
te_01365,NSMCE3
te_01366,CIMIP1
te_01367,OR56B2
te_01368,OR10AC1
te_01369,SPMAP2
te_01370,RACK1
te_01371,SVBP
te_01372,MICU2
te_01373,EIF2S3B
te_01374,GPANK1
te_01375,ADGRA3
te_01376,SMIM39
te_01377,SLC60A2
te_01378,KIFBP
te_01379,CFAP46
te_01380,TDRD15
te_01381,OPN1MW3
te_01382,MBD3L3
te_01383,CHMP3
te_01384,C10orf95
te_01385,MICU1
te_01386,FAM90A10
te_01387,TMEM74B
te_01388,SHISAL1
te_01389,DESI1
te_01390,PIERCE1
te_01391,CPLANE1
te_01392,WDPCP
te_01393,TRMT9B
te_01394,EXOC1L
te_01395,ILRUN
te_01396,ODAD1
te_01397,TMEM250
te_01398,ELP6
te_01399,TCEAL9
te_01400,FCMR
te_01401,SPMIP6
te_01402,OOSP3
te_01403,MUC22
te_01404,FSBP
te_01405,GOLGA8Q
te_01406,ZFAND4
te_01407,CEP126
te_01408,CROCC2
te_01409,BOD1L1
te_01410,BEAN1
te_01411,CCDC190
te_01412,USP17L19
te_01413,CIMIP5
te_01414,RBSN
te_01415,CFAP161
te_01416,MYORG
te_01417,CCRL2
te_01418,PABIR1
te_01419,CMIP
te_01420,FAM240C
te_01421,PCNX4
te_01422,SMIM36
te_01423,CRACR2B
te_01424,KXD1
te_01425,TKFC
te_01426,USP17L10
te_01427,IGK
te_01428,PRSS57
te_01429,LY6L
te_01430,VIPAS39
te_01431,RITA1
te_01432,NPIPB4
te_01433,NXPE3
te_01434,DNAAF5
te_01435,GALNT15
te_01436,ABITRAM
te_01437,DNAI7
te_01438,SPDYE16
te_01439,CIMIP6
te_01440,ERG28
te_01441,LNPK
te_01442,GOLGA8J
te_01443,RTL3
te_01444,CCDC192
te_01445,H4C12
te_01446,OVOL3
te_01447,MBD3L4
te_01448,COQ8B
te_01449,DCAF1
te_01450,MCRIP1
te_01451,SERPINA2
te_01452,TEX46
te_01453,H1-10
te_01454,METTL21C
te_01455,H3Y1
te_01456,ARPP21
te_01457,SMIM41
te_01458,CENPVL2
te_01459,MTRF1L
te_01460,TANGO6
te_01461,C19orf81
te_01462,CIAO3
te_01463,SMIM45
te_01464,USP17L23
te_01465,VWA7
te_01466,AZIN2
te_01467,RGCC
te_01468,PBDC1
te_01469,PGGHG
te_01470,CYBC1
te_01471,NOXRED1
te_01472,GOLGA6L19
te_01473,TRIM75
te_01474,OR12D1
te_01475,FAM229B
te_01476,ARHGAP40
te_01477,SLIRP
te_01478,DEFB4A
te_01479,BORCS6
te_01480,CFAP92
te_01481,TEDC1
te_01482,QARS1
te_01483,CARMIL2
te_01484,SACK1A
te_01485,TRIM49D1
te_01486,ANKRD30BL
te_01487,TEX50
te_01488,LRIF1
te_01489,VSIR
te_01490,CES4A
te_01491,FAM90A19
te_01492,L3HYPDH
te_01493,TENT4A
te_01494,FAM194C
te_01495,MYMX
te_01496,STRIP2
te_01497,MEIOB
te_01498,TUBB4B
te_01499,SPMIP3
te_01500,EPG5
te_01501,CENPW
te_01502,MICOS10
te_01503,ARHGAP45
te_01504,KAT7
te_01505,DYNC2I2
te_01506,TASOR
te_01507,TMEM35B
te_01508,CHCT1
te_01509,VCF1
te_01510,ASIC5
te_01511,LACC1
te_01512,SYNE4
te_01513,NPAP1
te_01514,SMIM10
te_01515,CDPF1
te_01516,RPEL1
te_01517,RNF225
te_01518,ADGRG5
te_01519,POLR1G
te_01520,OR9H1
te_01521,CCDC197
te_01522,TSLIG2
te_01523,CELF6
te_01524,PINLYP
te_01525,KGD4
te_01526,DCPH1
te_01527,INTS15
te_01528,REELD1
te_01529,NPY4R2
te_01530,CCDC167
te_01531,RPSA2
te_01532,TCAF1
te_01533,BCO1
te_01534,ADGRE1
te_01535,CIMAP1A
te_01536,MTERF4
te_01537,TRG
te_01538,METAP1D
te_01539,CT55
te_01540,MEIOC
te_01541,DEFB131A
te_01542,DNAAF8
te_01543,ECI2
te_01544,NPIPA7
te_01545,AREL1
te_01546,SPDYE14
te_01547,EPCIP
te_01548,SUGCT
te_01549,KPLCE
te_01550,ARHGEF35
te_01551,PNISR
te_01552,MCMDC2
te_01553,DXO
te_01554,HOGA1
te_01555,FAAP20
te_01556,CYSRT1
te_01557,SKOR2
te_01558,DYNLT2
te_01559,ELFN2
te_01560,MCRIP2
te_01561,SHLD2
te_01562,SDIM1
te_01563,H4C5
te_01564,KHDC4
te_01565,RSRP1
te_01566,FAM220A
te_01567,GARIN1A
te_01568,NAA25
te_01569,METTL25B
te_01570,SPATA45
te_01571,TAMM41
te_01572,LRRD1
te_01573,PRR23D2
te_01574,DEFB109B
te_01575,JCHAIN
te_01576,PERM1
te_01577,NUDT4B
te_01578,CEP162
te_01579,EFCAB11
te_01580,CIMIP4
te_01581,PHETA2
te_01582,JPT1
te_01583,AGO3
te_01584,CHP2
te_01585,SMDT1
te_01586,TAF11L10
te_01587,TMEM238
te_01588,SELENOP
te_01589,DIMT1
te_01590,PRSS55
te_01591,NSMF
te_01592,VSTM4
te_01593,TRA
te_01594,NPIPB12
te_01595,SGO2
te_01596,ACKR4
te_01597,SMIM7
te_01598,ANAPC15
te_01599,ASIC2
te_01600,MESD
te_01601,DESI2
te_01602,CT47A12
te_01603,PRXL2C
te_01604,TMEM245
te_01605,FYB1
te_01606,NEMP1
te_01607,CIROP
te_01608,CEP85
te_01609,PHF24
te_01610,IFT43
te_01611,FYB2
te_01612,KANSL1L
te_01613,C11orf96
te_01614,ZKSCAN8
te_01615,TANGO2
te_01616,TSPEAR
te_01617,MIEF1
te_01618,PMEL
te_01619,ADGRB3
te_01620,LDAH
te_01621,MIGA1
te_01622,IFNL2
te_01623,UBE3D
te_01624,DELE1
te_01625,MTG2
te_01626,SGO1
te_01627,ZSCAN32
te_01628,MPLKIP
te_01629,DRC3
te_01630,SCAF8
te_01631,MROH2B
te_01632,ARHGEF39
te_01633,PPP1R36
te_01634,TSLIG3C
te_01635,C10orf143
te_01636,MEIKIN
te_01637,GNG14
te_01638,DNAAF11
te_01639,MYRF
te_01640,VEGFD
te_01641,TRAPPC2B
te_01642,EBLN1
te_01643,RFLNA
te_01644,TRAPPC8
te_01645,KRTAP4-16
te_01646,TMEM94
te_01647,RIDA
te_01648,TMEM273
te_01649,WRAP73
te_01650,ENDOU
te_01651,GRK3
te_01652,CATSPERH
te_01653,ZC2HC1C
te_01654,SPDYE15
te_01655,PEDS1
te_01656,TMEM52B
te_01657,TAF11L13
te_01658,H4C11
te_01659,PIDD1
te_01660,ENTREP3
te_01661,KLLN
te_01662,RTP5
te_01663,TRIM49D2
te_01664,PPP6R3
te_01665,SPPL2C
te_01666,TAF11L11
te_01667,PJVK
te_01668,RELCH
te_01669,DDIAS
te_01670,CIMIP2B
te_01671,DUSP29
te_01672,ARL14EP
te_01673,SMIM29
te_01674,KCNJ18
te_01675,THSD8
te_01676,EEF2KMT
te_01677,KARS1
te_01678,H4C4
te_01679,CRPPA
te_01680,CFAP184
te_01681,CXorf51A
te_01682,ADGRG2
te_01683,MZT2A
te_01684,NOL4L
te_01685,C11orf98
te_01686,DAW1
te_01687,IFNL3
te_01688,ERICH6
te_01689,CTIF
te_01690,USB1
te_01691,SMIM2
te_01692,LAMTOR1
te_01693,SELENOT
te_01694,METTL24
te_01695,VCF2
te_01696,KAT6A
te_01697,SOFU1
te_01698,GALNT17
te_01699,BROX
te_01700,ETFRF1
te_01701,GPCPD1
te_01702,CATSPERZ
te_01703,IRAG2
te_01704,SELENOM
te_01705,ARK2C
te_01706,TBXT
te_01707,BICRA
te_01708,MEDAG
te_01709,ZSCAN31
te_01710,XXYLT1
te_01711,CNOT9
te_01712,SPICE1
te_01713,STMND1
te_01714,CAVIN1
te_01715,PLPP6
te_01716,KHDC3L
te_01717,DRC1
te_01718,MTURN
te_01719,SMLR1
te_01720,ATRAID
te_01721,ARL14EPL
te_01722,H4C1
te_01723,FAM241A
te_01724,AKIP1
te_01725,DRICH1
te_01726,HAPSTR1
te_01727,TMEM244
te_01728,USP17L29
te_01729,MINAR2
te_01730,DUSP13A
te_01731,PRR32
te_01732,ABHD16B
te_01733,FAM90A26
te_01734,GK3
te_01735,NCBP3
te_01736,NUPR2
te_01737,PRKN
te_01738,TEDC2
te_01739,COLGALT1
te_01740,STRIP1
te_01741,CFAP52
te_01742,HNRNPCL3
te_01743,KLRF2
te_01744,FAM234B
te_01745,KNSTRN
te_01746,CENPVL1
te_01747,CIMAP1B
te_01748,NSG2
te_01749,FAM246C
te_01750,MROH6
te_01751,CENPU
te_01752,LAMTOR4
te_01753,TMEM268
te_01754,ERBIN
te_01755,PLPP2
te_01756,SHLD3
te_01757,MARCHF4
te_01758,TMA7B
te_01759,TPGS2
te_01760,ARMH1
te_01761,GSAP
te_01762,KCNE5
te_01763,ADGRA1
te_01764,MARCHF11
te_01765,C13orf42
te_01766,LRTM3
te_01767,ADGRD2
te_01768,CDHR5
te_01769,CMKLR2
te_01770,PAM16
te_01771,SMIM38
te_01772,TDRP
te_01773,SLC9B2
te_01774,ARHGEF38
te_01775,NUGGC
te_01776,PSME3IP1
te_01777,SZRD1
te_01778,HACD1
te_01779,ARMC12
te_01780,SPATA46
te_01781,NPIPB9
te_01782,ZC3H11C
te_01783,CAMSAP2
te_01784,MRFAP1L2
te_01785,FAM237A
te_01786,TOMT
te_01787,AFDN
te_01788,CCDC200
te_01789,OR52P1
te_01790,SCAF11
te_01791,PRSS53
te_01792,SMCO1
te_01793,PCNX3
te_01794,NOAZFP
te_01795,MIDEAS
te_01796,DEFB130B
te_01797,SLC25A52
te_01798,CMTR1
te_01799,SLC35G4
te_01800,EFCAB13
te_01801,SLC38A12
te_01802,CFAP157
te_01803,MARCHF9
te_01804,SLF1
te_01805,AQP7B
te_01806,PCED1A
te_01807,TAF11L3
te_01808,SLC71A1
te_01809,TMA7
te_01810,SMIM24
te_01811,ELP1
te_01812,SLC66A1
te_01813,NEMF
te_01814,MTFR1L
te_01815,ELOA2
te_01816,RHNO1
te_01817,LAMP5
te_01818,CEP128
te_01819,C18orf63
te_01820,SACK1E
te_01821,SPX
te_01822,OBI1
te_01823,CERT1
te_01824,HEXD
te_01825,MALRD1
te_01826,REX1BD
te_01827,SMCO2
te_01828,TPRN
te_01829,EFCC1
te_01830,ZSCAN30
te_01831,IFNL1
te_01832,CHTOP
te_01833,CENATAC
te_01834,OR51H1
te_01835,MZT2B
te_01836,TAB3
te_01837,RNF224
te_01838,SCYGR6
te_01839,CNEP1R1
te_01840,KDF1
te_01841,ANTKMT
te_01842,PROSER2
te_01843,BRME1
te_01844,HASPIN
te_01845,CENPS
te_01846,MCMBP
te_01847,FRRS1L
te_01848,CRACR2A
te_01849,CLXN
te_01850,FAM216B
te_01851,PPP1R37
te_01852,CAPN15
te_01853,DYNLT5
te_01854,MTFP1
te_01855,MIEN1
te_01856,RETREG3
te_01857,NPIPB8
te_01858,CARS1
te_01859,EMC9
te_01860,AKAIN1
te_01861,CLHC1
te_01862,KATNBL1
te_01863,POGLUT1
te_01864,PRR20G
te_01865,CFAP20
te_01866,ZNRD2
te_01867,MISP
te_01868,USP17L17
te_01869,FDX2
te_01870,TPBGL
te_01871,CYSTM1
te_01872,ADTRP
te_01873,SPTSSB
te_01874,DNAAF3
te_01875,LDAF1
te_01876,CFAP141
te_01877,FAM240B
te_01878,CT45A9
te_01879,SMIM18
te_01880,PCARE
te_01881,MALSU1
te_01882,ARMH4
te_01883,VSTM5
te_01884,MBD3L2B
te_01885,HCAR1
te_01886,ATAT1
te_01887,FBXW10B
te_01888,SLC66A2
te_01889,NPRL2
te_01890,PXYLP1
te_01891,TVP23B
te_01892,ZKSCAN7
te_01893,RUBCNL
te_01894,CENPX
te_01895,HCAR3
te_01896,CRACD
te_01897,MARCHF8
te_01898,BLTP2
te_01899,CIMIP3
te_01900,CNPPD1
te_01901,TEX38
te_01902,ADM5
te_01903,TVP23A
te_01904,MS4A8
te_01905,FAM236B
te_01906,GSKIP
te_01907,TRAPPC3L
te_01908,SLC35G2
te_01909,HELZ2
te_01910,EXOC3L4
te_01911,MRPL58
te_01912,JHY
te_01913,CNIH1
te_01914,NAXD
te_01915,N4BP3
te_01916,PERCC1
te_01917,COPG1
te_01918,MARS1
te_01919,SPATA25
te_01920,MGARP
te_01921,CCDC169
te_01922,FAM246A
te_01923,CDIN1
te_01924,CCDC171
te_01925,POLR1H
te_01926,H1-7
te_01927,DZANK1
te_01928,CLBA1
te_01929,ERICH4
te_01930,FAM90A24
te_01931,MROH7
te_01932,TMEM258
te_01933,COXFA4
te_01934,PROSER3
te_01935,TMEM242
te_01936,SUSD6
te_01937,MSANTD1
te_01938,AARD
te_01939,GET1
te_01940,FAM90A22
te_01941,RMDN1
te_01942,CATIP
te_01943,ELAPOR2
te_01944,SAXO1
te_01945,ZFTA
te_01946,STRIT1
te_01947,OR8U3
te_01948,LTN1
te_01949,GFUS
te_01950,ACTL10
te_01951,ZSCAN9
te_01952,PEX39
te_01953,SYNDIG1L
te_01954,MROH5
te_01955,ACKR2
te_01956,PRSS54
te_01957,CFAP73
te_01958,TLNRD1
te_01959,CFAP206
te_01960,PIP4P1
te_01961,QTGAL
te_01962,TMEM230
te_01963,ERVV-2
te_01964,SPINK13
te_01965,NDUFAF5
te_01966,HAPSTR2
te_01967,NPRL3
te_01968,CCN5
te_01969,SHISAL2B
te_01970,TENM2
te_01971,CFAP299
te_01972,ZNG1E
te_01973,SPAAR
te_01974,CLDN34
te_01975,PRR36
te_01976,SHTN1
te_01977,H4C3
te_01978,ZBED6
te_01979,SOWAHB
te_01980,GINM1
te_01981,CT45A10
te_01982,OR4M2B
te_01983,NT5C3B
te_01984,COL26A1
te_01985,WHRN
te_01986,NPIPB11
te_01987,HYKK
te_01988,IL36RN
te_01989,SRARP
te_01990,TAB1
te_01991,SCART1
te_01992,TRMT13
te_01993,EBLN2
te_01994,PTGES3L
te_01995,SUCO
te_01996,CCDC198
te_01997,ADGRD1
te_01998,RBFA
te_01999,INSYN2B
te_02000,BMAL2
te_02001,RTL5
te_02002,ELOB
te_02003,XNDC1N
te_02004,MOSMO
te_02005,ADGRF5
te_02006,SIRAL1
te_02007,PLET1
te_02008,SAPCD2
te_02009,GUCY1B1
te_02010,NPIPB2
te_02011,SLC35F6
te_02012,CIST1
te_02013,HNRNPCL2
te_02014,PRXL2B
te_02015,HARS1
te_02016,H3C10
te_02017,NYAP2
te_02018,PYDC5
te_02019,CBARP
te_02020,NXPE4
te_02021,SPPL2A
te_02022,SPADH
te_02023,H4C14
te_02024,NSG1
te_02025,FAXDC2
te_02026,FAM228A
te_02027,RIOX2
te_02028,PALS1
te_02029,LURAP1
te_02030,HYCC2
te_02031,SACK1G
te_02032,ZSCAN25
te_02033,H1-1
te_02034,ZC2HC1B
te_02035,CIMAP3
te_02036,CIMAP2
te_02037,KIRREL1
te_02038,CCP110
te_02039,KLHL40
te_02040,DNAAF4
te_02041,MRTFA
te_02042,PLAAT2
te_02043,INSYN1
te_02044,AKR1C8
te_02045,ADIRF
te_02046,STPG1
te_02047,ARHGEF28
te_02048,PGAP6
te_02049,OR51C1
te_02050,CCDC181
te_02051,MPC1L
te_02052,MRPL57
te_02053,KMT5A
te_02054,H1-0
te_02055,CAMKMT
te_02056,ATG14
te_02057,WDR11
te_02058,EIF2D
te_02059,IGSF23
te_02060,QTRT2
te_02061,MPC1
te_02062,WDR83
te_02063,ADGRG4
te_02064,ZNG1C
te_02065,SPDYE13
te_02066,JAML
te_02067,TAF11L9
te_02068,GSDME
te_02069,VARS1
te_02070,ABHD17A
te_02071,AK6
te_02072,PRSS58
te_02073,TBATA
te_02074,KBTBD13
te_02075,USF3
te_02076,METTL25
te_02077,RUBCN
te_02078,DNAI4
te_02079,NOCT
te_02080,CEP41
te_02081,PPP1R35
te_02082,SACK1B
te_02083,FBH1
te_02084,NIFK
te_02085,ANKRD66
te_02086,CFAP68
te_02087,CELF4
te_02088,IRAG1
te_02089,SSC5D
te_02090,MAPDA
te_02091,DYNLT4
te_02092,HACD2
te_02093,CCDC166
te_02094,PPP1R21
te_02095,HYCC1
te_02096,MYDGF
te_02097,CBY2
te_02098,NFILZ
te_02099,PGPEP1L
te_02100,MT1HL1
te_02101,MCEMP1
te_02102,TMEM248
te_02103,MARCHF5
te_02104,LRRC72
te_02105,FHIP1B
te_02106,CCDC184
te_02107,TRMT44
te_02108,KAZN
te_02109,CCDC32
te_02110,NPIPA6
te_02111,RESP18
te_02112,RBIS
te_02113,PRRC2B
te_02114,AGO4
te_02115,TUNAR
te_02116,GFY
te_02117,FAM240A
te_02118,NKPD1
te_02119,GPAT3
te_02120,FAM90A16
te_02121,UQCC3
te_02122,ABHD16A
te_02123,CCN3
te_02124,ARHGAP36
te_02125,SPIDR
te_02126,CCSER2
te_02127,MYOCOS
te_02128,SMIM3
te_02129,KMT5B
te_02130,ICE1
te_02131,H1-2
te_02132,LRMDA
te_02133,RFLNB
te_02134,TPGS1
te_02135,USP17L12
te_02136,HCAR2
te_02137,TEX48
te_02138,MSANTD5
te_02139,GUCY1A1
te_02140,FAM90A5
te_02141,TEX35
te_02142,SMIM44
te_02143,TMEM269
te_02144,PTGR3
te_02145,LIAT1
te_02146,CLMP
te_02147,GPATCH11
te_02148,GRK2
te_02149,EDDM3B
te_02150,METTL17
te_02151,PALS2
te_02152,SPMIP2
te_02153,LGALS16
te_02154,CARMIL3
te_02155,RIPOR2
te_02156,CARMIL1
te_02157,TSPY9
te_02158,GARIN6
te_02159,TICRR
te_02160,HJV
te_02161,PROSER1
te_02162,FHIP1A
te_02163,RIIAD1
te_02164,CFAP61
te_02165,METTL15
te_02166,POLR2M
te_02167,CLEC20A
te_02168,EMC1
te_02169,OR5H8
te_02170,VIRMA
te_02171,RAMAC
te_02172,INSYN2A
te_02173,ADGRG6
te_02174,SELENOW
te_02175,MIMS1
te_02176,CAAP1
te_02177,TRIM51G
te_02178,SHISAL2A
te_02179,GOLGA6L26
te_02180,STKLD1
te_02181,OARD1
te_02182,ARPIN
te_02183,TMEM238L
te_02184,SLC25A48
te_02185,ELAPOR1
te_02186,SHFL
te_02187,BPNT2
te_02188,NPIPA9
te_02189,EMC3
te_02190,OST4
te_02191,AP5M1
te_02192,AK9
te_02193,CABCOCO1
te_02194,CALHM4
te_02195,GGACT
te_02196,FAM222A
te_02197,H3-7
te_02198,DMAC2
te_02199,DIPK1C
te_02200,NAA60
te_02201,H4C15
te_02202,NELFCD
te_02203,SERTM1
te_02204,IFT46
te_02205,MAIP1
te_02206,RMI2
te_02207,RFPL4AL1
te_02208,ACKR1
te_02209,SUGP2
te_02210,MYL11
te_02211,GARIN2
te_02212,ARHGEF37
te_02213,INIP
te_02214,OR4A8
te_02215,MROH1
te_02216,OTOGL
te_02217,NPIPB13
te_02218,SCYGR10
te_02219,SLC35G6
te_02220,NELFB
te_02221,PRAG1
te_02222,GOLGA6L7
te_02223,UQCRHL
te_02224,PRSS41
te_02225,TNS2
te_02226,SRGAP2C
te_02227,CACUL1
te_02228,CFAP97
te_02229,CSNK2A2IP
te_02230,TEX51
te_02231,SPMAP2L
te_02232,KANSL2
te_02233,DCANP1
te_02234,TMEM271
te_02235,TENM3
te_02236,EIPR1
te_02237,ACTMAP
te_02238,SAXO4
te_02239,H3C15
te_02240,MGME1
te_02241,SARAF
te_02242,C17orf114
te_02243,SMIM33
te_02244,TCEANC2
te_02245,OR5BS1
te_02246,TAB2
te_02247,CELF1
te_02248,ERFE
te_02249,SMKR1
te_02250,NAPRT
te_02251,NICOL1
te_02252,SREK1
te_02253,SFR1
te_02254,DRC11L
te_02255,ZC2HC1A
te_02256,PRR23D1
te_02257,MTNAP1
te_02258,PPP1R17
te_02259,SLC61A1
te_02260,OR2B8
te_02261,CEP89
te_02262,IGH
te_02263,TMEM260
te_02264,C16orf95
te_02265,TMEM254
te_02266,TEX52
te_02267,SMIM17
te_02268,ADGRL3
te_02269,BRINP3
