query_id,cited_positions,n_candidates
test_00000,6 9,12
test_00001,1,12
test_00002,4 5 6 11,12
test_00003,2 11,12
test_00004,0 2 9,12
test_00005,2 9 11,12
test_00006,6,12
test_00007,1,12
test_00008,8,12
test_00009,6,12
test_00010,7,12
test_00011,3 7,12
test_00012,5 11,12
test_00013,1,12
test_00014,0 3 5 6,12
test_00015,1 3,12
test_00016,7 9,12
test_00017,5 7,12
test_00018,2 4 6 7,12
test_00019,7 9,12
test_00020,3,12
test_00021,2 10,12
test_00022,8,12
test_00023,6,12
test_00024,8 11,12
test_00025,9 10,12
test_00026,5,12
test_00027,6 7 8 9,12
test_00028,8 9 11,12
test_00029,4 10,12
test_00030,1,12
test_00031,1,12
test_00032,1,12
test_00033,4 6 9,12
test_00034,3 4 6,12
test_00035,7,12
test_00036,0 4 5 11,12
test_00037,5,12
test_00038,8,12
test_00039,0,12
test_00040,0,12
test_00041,8 10,12
test_00042,0 2 5 11,12
test_00043,8,12
test_00044,6,12
test_00045,6,12
test_00046,1 3,12
test_00047,0 1 5 11,12
test_00048,6,12
test_00049,7 8 11,12
test_00050,10,12
test_00051,6,12
test_00052,3 6,12
test_00053,3 4,12
test_00054,0 1 5 10,12
test_00055,0 3 8,12
test_00056,6 10,12
test_00057,4 8 11,12
test_00058,5,12
test_00059,1 9,12
test_00060,3 5 6,12
test_00061,3 8,12
test_00062,4 5,12
test_00063,3,12
test_00064,4,12
test_00065,0,12
test_00066,6,12
test_00067,5,12
test_00068,4,12
test_00069,10,12
test_00070,1,12
test_00071,3 4 6,12
test_00072,4 6 10,12
test_00073,9,12
test_00074,1 9 11,12
test_00075,6 8,12
test_00076,0 5 9,12
test_00077,5 9,12
test_00078,1 8,12
test_00079,1,12
test_00080,1 4 7 8,12
test_00081,8 11,12
test_00082,6,12
test_00083,6 8 9 11,12
test_00084,2 6,12
test_00085,3 7 8,12
test_00086,4,12
test_00087,2 4,12
test_00088,9 11,12
test_00089,3 4 5,12
test_00090,3 5 8,12
test_00091,7,12
test_00092,2 9,12
test_00093,7 10,12
test_00094,6 11,12
test_00095,4 5,12
test_00096,0 3 8,12
test_00097,1 5,12
test_00098,7 10,12
test_00099,2 5 6 10,12
test_00100,9 10,12
test_00101,2,12
test_00102,3 9,12
test_00103,5,12
test_00104,5 8,12
test_00105,0 8,12
test_00106,0 9,12
test_00107,6 8,12
test_00108,10,12
test_00109,4,12
test_00110,4 11,12
test_00111,0 4 5 8,12
test_00112,0,12
test_00113,9 11,12
test_00114,9,12
test_00115,0 10,12
test_00116,8 10,12
test_00117,8,12
test_00118,5 7,12
test_00119,2 5,12
test_00120,7,12
test_00121,8,12
test_00122,2,12
test_00123,8,12
test_00124,8,12
test_00125,1 2,12
test_00126,8,12
test_00127,1 3 7,12
test_00128,6 11,12
test_00129,1 4,12
test_00130,4 6,12
test_00131,3 11,12
test_00132,3 8,12
test_00133,1 4,12
test_00134,0 3,12
test_00135,3 7,12
test_00136,2 8 9,12
test_00137,3,12
test_00138,6,12
test_00139,9,12
test_00140,11,12
test_00141,3 7,12
test_00142,10,12
test_00143,2 3 5,12
test_00144,0 3 5 9,12
test_00145,0 4,12
test_00146,5 8,12
test_00147,0 6,12
test_00148,2 4,12
test_00149,1 3,12
test_00150,1 2 3 5,12
test_00151,11,12
test_00152,7,12
test_00153,5 9,12
test_00154,10,12
test_00155,6 9,12
test_00156,3,12
test_00157,2 6 8 11,12
test_00158,1 8,12
test_00159,0 10,12
test_00160,9,12
test_00161,1 3 4,12
test_00162,5 9,12
test_00163,0,12
test_00164,4 6,12
test_00165,6 7,12
test_00166,1 2 9,12
test_00167,10,12
test_00168,4 5,12
test_00169,6 10,12
test_00170,0 8,12
test_00171,1 4,12
test_00172,3 8,12
test_00173,10,12
test_00174,1 3 10 11,12
test_00175,9,12
test_00176,0 2,12
test_00177,3,12
test_00178,9,12
test_00179,0 10,12
test_00180,0 3 6,12
test_00181,9 10,12
test_00182,0 8,12
test_00183,6 7 10,12
test_00184,0,12
test_00185,3 9,12
test_00186,1 7,12
test_00187,3 5,12
test_00188,2,12
test_00189,3 9,12
test_00190,4 8,12
test_00191,11,12
test_00192,10 11,12
test_00193,0 1 3 9,12
test_00194,6,12
test_00195,5 8 9,12
test_00196,0 4 6,12
test_00197,4 5,12
test_00198,1 7,12
test_00199,6 8 11,12
test_00200,0 5,12
test_00201,6 7,12
test_00202,6,12
test_00203,0 4 6 7,12
test_00204,7 9,12
test_00205,4 10,12
test_00206,0 3,12
test_00207,3 5,12
test_00208,1,12
test_00209,0,12
test_00210,1 9,12
test_00211,0 6,12
test_00212,4,12
test_00213,3 6,12
test_00214,0 4 9,12
test_00215,4 6 10,12
test_00216,7,12
test_00217,6 8,12
test_00218,4 6 10,12
test_00219,3 9,12
test_00220,2 3 6,12
test_00221,0 1 6,12
test_00222,9,12
test_00223,4 10,12
test_00224,3,12
test_00225,6,12
test_00226,8 9,12
test_00227,3 5 9,12
test_00228,8,12
test_00229,8,12
test_00230,5 7,12
test_00231,5 8,12
test_00232,6 9 11,12
test_00233,8,12
test_00234,4,12
test_00235,4 8 9,12
test_00236,5 8,12
test_00237,5 7,12
test_00238,4 6,12
test_00239,1 6,12
test_00240,3 5,12
test_00241,6 7,12
test_00242,3 8,12
test_00243,10,12
test_00244,6,12
test_00245,2 8,12
test_00246,9,12
test_00247,0 10 11,12
test_00248,11,12
test_00249,0 2,12
test_00250,3,12
test_00251,8,12
test_00252,7 10,12
test_00253,1 9,12
test_00254,3,12
test_00255,2 7,12
test_00256,6 11,12
test_00257,7 9,12
test_00258,4 7,12
test_00259,11,12
test_00260,2 5,12
test_00261,4 5 6,12
test_00262,0 8,12
test_00263,4 5 9 10,12
test_00264,1 3 6 9,12
test_00265,0,12
test_00266,1 2 11,12
test_00267,1 9,12
test_00268,2,12
test_00269,4 8,12
test_00270,1 5 8,12
test_00271,1 3 5 6,12
test_00272,9,12
test_00273,7,12
test_00274,8,12
test_00275,10 11,12
test_00276,1 10 11,12
test_00277,2 4 11,12
test_00278,3 5 6 9,12
test_00279,7 8,12
test_00280,2,12
test_00281,1 3,12
test_00282,11,12
test_00283,7 8 9,12
test_00284,8,12
test_00285,4 9 10,12
test_00286,10,12
test_00287,1 5,12
test_00288,2 9,12
test_00289,4 8,12
test_00290,9,12
test_00291,3 9,12
test_00292,6 7,12
test_00293,2 10,12
test_00294,0 2,12
test_00295,2 10 11,12
test_00296,7,12
test_00297,8 10,12
test_00298,1 11,12
test_00299,0 3,12
test_00300,3 4 9,12
test_00301,1 2 11,12
test_00302,11,12
test_00303,7 8 9,12
test_00304,8 10 11,12
test_00305,1 6 11,12
test_00306,4 9,12
test_00307,7,12
test_00308,4 10,12
test_00309,3 11,12
test_00310,8,12
test_00311,1,12
test_00312,2 6,12
test_00313,0 9,12
test_00314,0 3 4 11,12
test_00315,1 7 9,12
test_00316,10 11,12
test_00317,2,12
test_00318,3 9 10,12
test_00319,0 9 11,12
test_00320,8,12
test_00321,7,12
test_00322,10 11,12
test_00323,0 2 5,12
test_00324,4,12
test_00325,3 4 7,12
test_00326,0 2 3,12
test_00327,0,12
test_00328,6 8,12
test_00329,1 4,12
test_00330,7,12
test_00331,0 1 4 11,12
test_00332,3 9,12
test_00333,8 11,12
test_00334,7 9,12
test_00335,3 10,12
test_00336,2,12
test_00337,0 8,12
test_00338,1,12
test_00339,5,12
test_00340,2,12
test_00341,4 6,12
test_00342,4 7,12
test_00343,6,12
test_00344,1 3 10,12
test_00345,0 1 10,12
test_00346,3 8 9,12
test_00347,10 11,12
test_00348,8 9,12
test_00349,1 4,12
test_00350,0 3 6 8,12
test_00351,9,12
test_00352,6 7,12
test_00353,2 4,12
test_00354,2 9,12
test_00355,0 1 7,12
test_00356,2,12
test_00357,5 6 7,12
test_00358,9,12
test_00359,3 4,12
test_00360,0 2 3 6,12
test_00361,8 10,12
test_00362,2 3,12
test_00363,4 5,12
test_00364,10,12
test_00365,11,12
test_00366,9,12
test_00367,0 4 11,12
test_00368,2 7,12
test_00369,0 8,12
test_00370,9,12
test_00371,5 7 8 11,12
test_00372,0 3 6,12
test_00373,3 10,12
test_00374,0 11,12
test_00375,1 5,12
test_00376,0 1 8 10,12
test_00377,1,12
test_00378,3 10,12
test_00379,3 4,12
test_00380,1 10,12
test_00381,0 5 9,12
test_00382,9,12
test_00383,7,12
test_00384,0,12
test_00385,2 6 9,12
test_00386,0 8 9,12
test_00387,1 7 8,12
test_00388,0 2,12
test_00389,4,12
test_00390,0 1,12
test_00391,5 9,12
test_00392,9,12
test_00393,6,12
test_00394,4 6,12
test_00395,1,12
test_00396,2 8,12
test_00397,1 3 9 11,12
test_00398,6,12
test_00399,8,12
