query_id,cited_positions
test_00000,0 1
test_00001,2 5 9
test_00002,3 7
test_00003,1 4 8 11
test_00004,6 10
test_00005,0 1
test_00006,2 5 9
test_00007,3 7
test_00008,1 4 8 11
test_00009,6 10
test_00010,0 1
test_00011,2 5 9
test_00012,3 7
test_00013,1 4 8 11
test_00014,6 10
test_00015,0 1
test_00016,2 5 9
test_00017,3 7
test_00018,1 4 8 11
test_00019,6 10
test_00020,0 1
test_00021,2 5 9
test_00022,3 7
test_00023,1 4 8 11
test_00024,6 10
test_00025,0 1
test_00026,2 5 9
test_00027,3 7
test_00028,1 4 8 11
test_00029,6 10
test_00030,0 1
test_00031,2 5 9
test_00032,3 7
test_00033,1 4 8 11
test_00034,6 10
test_00035,0 1
test_00036,2 5 9
test_00037,3 7
test_00038,1 4 8 11
test_00039,6 10
test_00040,0 1
test_00041,2 5 9
test_00042,3 7
test_00043,1 4 8 11
test_00044,6 10
test_00045,0 1
test_00046,2 5 9
test_00047,3 7
test_00048,1 4 8 11
test_00049,6 10
test_00050,0 1
test_00051,2 5 9
test_00052,3 7
test_00053,1 4 8 11
test_00054,6 10
test_00055,0 1
test_00056,2 5 9
test_00057,3 7
test_00058,1 4 8 11
test_00059,6 10
test_00060,0 1
test_00061,2 5 9
test_00062,3 7
test_00063,1 4 8 11
test_00064,6 10
test_00065,0 1
test_00066,2 5 9
test_00067,3 7
test_00068,1 4 8 11
test_00069,6 10
test_00070,0 1
test_00071,2 5 9
test_00072,3 7
test_00073,1 4 8 11
test_00074,6 10
test_00075,0 1
test_00076,2 5 9
test_00077,3 7
test_00078,1 4 8 11
test_00079,6 10
test_00080,0 1
test_00081,2 5 9
test_00082,3 7
test_00083,1 4 8 11
test_00084,6 10
test_00085,0 1
test_00086,2 5 9
test_00087,3 7
test_00088,1 4 8 11
test_00089,6 10
test_00090,0 1
test_00091,2 5 9
test_00092,3 7
test_00093,1 4 8 11
test_00094,6 10
test_00095,0 1
test_00096,2 5 9
test_00097,3 7
test_00098,1 4 8 11
test_00099,6 10
test_00100,0 1
test_00101,2 5 9
test_00102,3 7
test_00103,1 4 8 11
test_00104,6 10
test_00105,0 1
test_00106,2 5 9
test_00107,3 7
test_00108,1 4 8 11
test_00109,6 10
test_00110,0 1
test_00111,2 5 9
test_00112,3 7
test_00113,1 4 8 11
test_00114,6 10
test_00115,0 1
test_00116,2 5 9
test_00117,3 7
test_00118,1 4 8 11
test_00119,6 10
test_00120,0 1
test_00121,2 5 9
test_00122,3 7
test_00123,1 4 8 11
test_00124,6 10
test_00125,0 1
test_00126,2 5 9
test_00127,3 7
test_00128,1 4 8 11
test_00129,6 10
test_00130,0 1
test_00131,2 5 9
test_00132,3 7
test_00133,1 4 8 11
test_00134,6 10
test_00135,0 1
test_00136,2 5 9
test_00137,3 7
test_00138,1 4 8 11
test_00139,6 10
test_00140,0 1
test_00141,2 5 9
test_00142,3 7
test_00143,1 4 8 11
test_00144,6 10
test_00145,0 1
test_00146,2 5 9
test_00147,3 7
test_00148,1 4 8 11
test_00149,6 10
test_00150,0 1
test_00151,2 5 9
test_00152,3 7
test_00153,1 4 8 11
test_00154,6 10
test_00155,0 1
test_00156,2 5 9
test_00157,3 7
test_00158,1 4 8 11
test_00159,6 10
test_00160,0 1
test_00161,2 5 9
test_00162,3 7
test_00163,1 4 8 11
test_00164,6 10
test_00165,0 1
test_00166,2 5 9
test_00167,3 7
test_00168,1 4 8 11
test_00169,6 10
test_00170,0 1
test_00171,2 5 9
test_00172,3 7
test_00173,1 4 8 11
test_00174,6 10
test_00175,0 1
test_00176,2 5 9
test_00177,3 7
test_00178,1 4 8 11
test_00179,6 10
test_00180,0 1
test_00181,2 5 9
test_00182,3 7
test_00183,1 4 8 11
test_00184,6 10
test_00185,0 1
test_00186,2 5 9
test_00187,3 7
test_00188,1 4 8 11
test_00189,6 10
test_00190,0 1
test_00191,2 5 9
test_00192,3 7
test_00193,1 4 8 11
test_00194,6 10
test_00195,0 1
test_00196,2 5 9
test_00197,3 7
test_00198,1 4 8 11
test_00199,6 10
test_00200,0 1
test_00201,2 5 9
test_00202,3 7
test_00203,1 4 8 11
test_00204,6 10
test_00205,0 1
test_00206,2 5 9
test_00207,3 7
test_00208,1 4 8 11
test_00209,6 10
test_00210,0 1
test_00211,2 5 9
test_00212,3 7
test_00213,1 4 8 11
test_00214,6 10
test_00215,0 1
test_00216,2 5 9
test_00217,3 7
test_00218,1 4 8 11
test_00219,6 10
test_00220,0 1
test_00221,2 5 9
test_00222,3 7
test_00223,1 4 8 11
test_00224,6 10
test_00225,0 1
test_00226,2 5 9
test_00227,3 7
test_00228,1 4 8 11
test_00229,6 10
test_00230,0 1
test_00231,2 5 9
test_00232,3 7
test_00233,1 4 8 11
test_00234,6 10
test_00235,0 1
test_00236,2 5 9
test_00237,3 7
test_00238,1 4 8 11
test_00239,6 10
test_00240,0 1
test_00241,2 5 9
test_00242,3 7
test_00243,1 4 8 11
test_00244,6 10
test_00245,0 1
test_00246,2 5 9
test_00247,3 7
test_00248,1 4 8 11
test_00249,6 10
test_00250,0 1
test_00251,2 5 9
test_00252,3 7
test_00253,1 4 8 11
test_00254,6 10
test_00255,0 1
test_00256,2 5 9
test_00257,3 7
test_00258,1 4 8 11
test_00259,6 10
test_00260,0 1
test_00261,2 5 9
test_00262,3 7
test_00263,1 4 8 11
test_00264,6 10
test_00265,0 1
test_00266,2 5 9
test_00267,3 7
test_00268,1 4 8 11
test_00269,6 10
test_00270,0 1
test_00271,2 5 9
test_00272,3 7
test_00273,1 4 8 11
test_00274,6 10
test_00275,0 1
test_00276,2 5 9
test_00277,3 7
test_00278,1 4 8 11
test_00279,6 10
test_00280,0 1
test_00281,2 5 9
test_00282,3 7
test_00283,1 4 8 11
test_00284,6 10
test_00285,0 1
test_00286,2 5 9
test_00287,3 7
test_00288,1 4 8 11
test_00289,6 10
test_00290,0 1
test_00291,2 5 9
test_00292,3 7
test_00293,1 4 8 11
test_00294,6 10
test_00295,0 1
test_00296,2 5 9
test_00297,3 7
test_00298,1 4 8 11
test_00299,6 10
test_00300,0 1
test_00301,2 5 9
test_00302,3 7
test_00303,1 4 8 11
test_00304,6 10
test_00305,0 1
test_00306,2 5 9
test_00307,3 7
test_00308,1 4 8 11
test_00309,6 10
test_00310,0 1
test_00311,2 5 9
test_00312,3 7
test_00313,1 4 8 11
test_00314,6 10
test_00315,0 1
test_00316,2 5 9
test_00317,3 7
test_00318,1 4 8 11
test_00319,6 10
test_00320,0 1
test_00321,2 5 9
test_00322,3 7
test_00323,1 4 8 11
test_00324,6 10
test_00325,0 1
test_00326,2 5 9
test_00327,3 7
test_00328,1 4 8 11
test_00329,6 10
test_00330,0 1
test_00331,2 5 9
test_00332,3 7
test_00333,1 4 8 11
test_00334,6 10
test_00335,0 1
test_00336,2 5 9
test_00337,3 7
test_00338,1 4 8 11
test_00339,6 10
test_00340,0 1
test_00341,2 5 9
test_00342,3 7
test_00343,1 4 8 11
test_00344,6 10
test_00345,0 1
test_00346,2 5 9
test_00347,3 7
test_00348,1 4 8 11
test_00349,6 10
test_00350,0 1
test_00351,2 5 9
test_00352,3 7
test_00353,1 4 8 11
test_00354,6 10
test_00355,0 1
test_00356,2 5 9
test_00357,3 7
test_00358,1 4 8 11
test_00359,6 10
test_00360,0 1
test_00361,2 5 9
test_00362,3 7
test_00363,1 4 8 11
test_00364,6 10
test_00365,0 1
test_00366,2 5 9
test_00367,3 7
test_00368,1 4 8 11
test_00369,6 10
test_00370,0 1
test_00371,2 5 9
test_00372,3 7
test_00373,1 4 8 11
test_00374,6 10
test_00375,0 1
test_00376,2 5 9
test_00377,3 7
test_00378,1 4 8 11
test_00379,6 10
test_00380,0 1
test_00381,2 5 9
test_00382,3 7
test_00383,1 4 8 11
test_00384,6 10
test_00385,0 1
test_00386,2 5 9
test_00387,3 7
test_00388,1 4 8 11
test_00389,6 10
test_00390,0 1
test_00391,2 5 9
test_00392,3 7
test_00393,1 4 8 11
test_00394,6 10
test_00395,0 1
test_00396,2 5 9
test_00397,3 7
test_00398,1 4 8 11
test_00399,6 10
