unit_id,rank_A,rank_B,rank_C
test_00000,0,1,2
test_00001,0,2,1
test_00002,1,0,2
test_00003,1,2,0
test_00004,2,0,1
test_00005,2,1,0
test_00006,0,1,2
test_00007,0,2,1
test_00008,1,0,2
test_00009,1,2,0
test_00010,2,0,1
test_00011,2,1,0
test_00012,0,1,2
test_00013,0,2,1
test_00014,1,0,2
test_00015,1,2,0
test_00016,2,0,1
test_00017,2,1,0
test_00018,0,1,2
test_00019,0,2,1
test_00020,1,0,2
test_00021,1,2,0
test_00022,2,0,1
test_00023,2,1,0
test_00024,0,1,2
test_00025,0,2,1
test_00026,1,0,2
test_00027,1,2,0
test_00028,2,0,1
test_00029,2,1,0
test_00030,0,1,2
test_00031,0,2,1
test_00032,1,0,2
test_00033,1,2,0
test_00034,2,0,1
test_00035,2,1,0
test_00036,0,1,2
test_00037,0,2,1
test_00038,1,0,2
test_00039,1,2,0
test_00040,2,0,1
test_00041,2,1,0
test_00042,0,1,2
test_00043,0,2,1
test_00044,1,0,2
test_00045,1,2,0
test_00046,2,0,1
test_00047,2,1,0
test_00048,0,1,2
test_00049,0,2,1
test_00050,1,0,2
test_00051,1,2,0
test_00052,2,0,1
test_00053,2,1,0
test_00054,0,1,2
test_00055,0,2,1
test_00056,1,0,2
test_00057,1,2,0
test_00058,2,0,1
test_00059,2,1,0
test_00060,0,1,2
test_00061,0,2,1
test_00062,1,0,2
test_00063,1,2,0
test_00064,2,0,1
test_00065,2,1,0
test_00066,0,1,2
test_00067,0,2,1
test_00068,1,0,2
test_00069,1,2,0
test_00070,2,0,1
test_00071,2,1,0
test_00072,0,1,2
test_00073,0,2,1
test_00074,1,0,2
test_00075,1,2,0
test_00076,2,0,1
test_00077,2,1,0
test_00078,0,1,2
test_00079,0,2,1
test_00080,1,0,2
test_00081,1,2,0
test_00082,2,0,1
test_00083,2,1,0
test_00084,0,1,2
test_00085,0,2,1
test_00086,1,0,2
test_00087,1,2,0
test_00088,2,0,1
test_00089,2,1,0
test_00090,0,1,2
test_00091,0,2,1
test_00092,1,0,2
test_00093,1,2,0
test_00094,2,0,1
test_00095,2,1,0
test_00096,0,1,2
test_00097,0,2,1
test_00098,1,0,2
test_00099,1,2,0
test_00100,2,0,1
test_00101,2,1,0
test_00102,0,1,2
test_00103,0,2,1
test_00104,1,0,2
test_00105,1,2,0
test_00106,2,0,1
test_00107,2,1,0
test_00108,0,1,2
