row_id,moa_classes
te_00000,Cyclooxygenase Inhibitors [MoA]
te_00001,Cytochrome P450 3A4 Inhibitors [MoA]
te_00002,P-Glycoprotein Inhibitors [MoA]
te_00003,Cyclooxygenase Inhibitors [MoA]
te_00004,Cyclooxygenase Inhibitors [MoA]
te_00005,P-Glycoprotein Inhibitors [MoA]
te_00006,P-Glycoprotein Inhibitors [MoA]
te_00007,Cyclooxygenase Inhibitors [MoA]
te_00008,Cytochrome P450 3A4 Inhibitors [MoA]
te_00009,Cytochrome P450 3A4 Inhibitors [MoA]
te_00010,Nucleic Acid Synthesis Inhibitors [MoA]
te_00011,P-Glycoprotein Inhibitors [MoA]
te_00012,P-Glycoprotein Inhibitors [MoA]
te_00013,Cyclooxygenase Inhibitors [MoA]
te_00014,P-Glycoprotein Inhibitors [MoA]
te_00015,Cyclooxygenase Inhibitors [MoA]
te_00016,Cyclooxygenase Inhibitors [MoA]
te_00017,P-Glycoprotein Inhibitors [MoA]
te_00018,Hydroxymethylglutaryl-CoA Reductase Inhibitors [MoA]
te_00019,Cyclooxygenase Inhibitors [MoA]
te_00020,Cyclooxygenase Inhibitors [MoA]
te_00021,Cyclooxygenase Inhibitors [MoA]
te_00022,Hydroxymethylglutaryl-CoA Reductase Inhibitors [MoA]
te_00023,Hydroxymethylglutaryl-CoA Reductase Inhibitors [MoA]
te_00024,Cytochrome P450 3A4 Inhibitors [MoA]
te_00025,Cyclooxygenase Inhibitors [MoA]
te_00026,Nucleic Acid Synthesis Inhibitors [MoA]
te_00027,P-Glycoprotein Inhibitors [MoA]
te_00028,Cyclooxygenase Inhibitors [MoA]
te_00029,Cyclooxygenase Inhibitors [MoA]
te_00030,Cytochrome P450 3A4 Inhibitors [MoA]
te_00031,Nucleic Acid Synthesis Inhibitors [MoA]
te_00032,DNA Polymerase Inhibitors [MoA]
te_00033,Cyclooxygenase Inhibitors [MoA]
te_00034,Hydroxymethylglutaryl-CoA Reductase Inhibitors [MoA]
te_00035,P-Glycoprotein Inhibitors [MoA]
te_00036,P-Glycoprotein Inhibitors [MoA]
te_00037,Cytochrome P450 3A4 Inhibitors [MoA]
te_00038,Cyclooxygenase Inhibitors [MoA]
te_00039,P-Glycoprotein Inhibitors [MoA]
te_00040,Hydroxymethylglutaryl-CoA Reductase Inhibitors [MoA]
te_00041,Cytochrome P450 3A4 Inhibitors [MoA]
te_00042,Cyclooxygenase Inhibitors [MoA]
te_00043,Cytochrome P450 3A4 Inhibitors [MoA]
te_00044,Nucleic Acid Synthesis Inhibitors [MoA]
te_00045,Cytochrome P450 2D6 Inhibitors [MoA]
te_00046,Nucleic Acid Synthesis Inhibitors [MoA]
te_00047,Nucleic Acid Synthesis Inhibitors [MoA]
te_00048,P-Glycoprotein Inhibitors [MoA]
te_00049,Cytochrome P450 3A4 Inhibitors [MoA]
te_00050,Cyclooxygenase Inhibitors [MoA]
te_00051,DNA Polymerase Inhibitors [MoA]
te_00052,P-Glycoprotein Inhibitors [MoA]
te_00053,Cyclooxygenase Inhibitors [MoA]
te_00054,Cyclooxygenase Inhibitors [MoA]
te_00055,P-Glycoprotein Inhibitors [MoA]
te_00056,Cyclooxygenase Inhibitors [MoA]
te_00057,P-Glycoprotein Inhibitors [MoA]
te_00058,Cyclooxygenase Inhibitors [MoA]
te_00059,Cyclooxygenase Inhibitors [MoA]
te_00060,Cytochrome P450 3A4 Inhibitors [MoA]
te_00061,P-Glycoprotein Inhibitors [MoA]
te_00062,P-Glycoprotein Inhibitors [MoA]
te_00063,Cyclooxygenase Inhibitors [MoA]
te_00064,Cytochrome P450 3A4 Inhibitors [MoA]
te_00065,Hydroxymethylglutaryl-CoA Reductase Inhibitors [MoA]
te_00066,Cytochrome P450 3A4 Inhibitors [MoA]
te_00067,P-Glycoprotein Inhibitors [MoA]
te_00068,Cyclooxygenase Inhibitors [MoA]
te_00069,Cyclooxygenase Inhibitors [MoA]
te_00070,Nucleic Acid Synthesis Inhibitors [MoA]
te_00071,Cytochrome P450 3A4 Inhibitors [MoA]
te_00072,P-Glycoprotein Inhibitors [MoA]
te_00073,Cytochrome P450 3A4 Inhibitors [MoA]
te_00074,Cyclooxygenase Inhibitors [MoA]
te_00075,P-Glycoprotein Inhibitors [MoA]
te_00076,Cyclooxygenase Inhibitors [MoA]
te_00077,Nucleic Acid Synthesis Inhibitors [MoA]
te_00078,P-Glycoprotein Inhibitors [MoA]
te_00079,Cyclooxygenase Inhibitors [MoA]
te_00080,Cyclooxygenase Inhibitors [MoA]
te_00081,Nucleic Acid Synthesis Inhibitors [MoA]
te_00082,P-Glycoprotein Inhibitors [MoA]
te_00083,Cytochrome P450 3A4 Inducers [MoA]
te_00084,Cytochrome P450 3A4 Inhibitors [MoA]
te_00085,P-Glycoprotein Inhibitors [MoA]
te_00086,Cytochrome P450 3A4 Inhibitors [MoA]
te_00087,Cytochrome P450 3A4 Inhibitors [MoA]
te_00088,Cytochrome P450 3A4 Inhibitors [MoA]
te_00089,Cyclooxygenase Inhibitors [MoA]
te_00090,P-Glycoprotein Inhibitors [MoA]
te_00091,Cyclooxygenase Inhibitors [MoA]
te_00092,Cytochrome P450 3A4 Inhibitors [MoA]
te_00093,Cytochrome P450 2D6 Inhibitors [MoA]
te_00094,Nucleic Acid Synthesis Inhibitors [MoA]
te_00095,Cytochrome P450 3A4 Inhibitors [MoA]
te_00096,P-Glycoprotein Inhibitors [MoA]
te_00097,Cytochrome P450 3A4 Inhibitors [MoA]
te_00098,Cyclooxygenase Inhibitors [MoA]
te_00099,Cytochrome P450 3A4 Inhibitors [MoA]
te_00100,Cyclooxygenase Inhibitors [MoA]
te_00101,Cyclooxygenase Inhibitors [MoA]
te_00102,Cytochrome P450 3A4 Inhibitors [MoA]
te_00103,Nucleic Acid Synthesis Inhibitors [MoA]
te_00104,Cyclooxygenase Inhibitors [MoA]
te_00105,Cyclooxygenase Inhibitors [MoA]
te_00106,P-Glycoprotein Inhibitors [MoA]
te_00107,Cytochrome P450 3A4 Inhibitors [MoA]
te_00108,P-Glycoprotein Inhibitors [MoA]
te_00109,Hydroxymethylglutaryl-CoA Reductase Inhibitors [MoA]
te_00110,Cyclooxygenase Inhibitors [MoA]
te_00111,P-Glycoprotein Inhibitors [MoA]
te_00112,P-Glycoprotein Inhibitors [MoA]
te_00113,P-Glycoprotein Inhibitors [MoA]
te_00114,P-Glycoprotein Inhibitors [MoA]
te_00115,Cyclooxygenase Inhibitors [MoA]
te_00116,Cyclooxygenase Inhibitors [MoA]
te_00117,P-Glycoprotein Inhibitors [MoA]
te_00118,P-Glycoprotein Inhibitors [MoA]
te_00119,P-Glycoprotein Inhibitors [MoA]
te_00120,Nucleic Acid Synthesis Inhibitors [MoA]
te_00121,P-Glycoprotein Inhibitors [MoA]
te_00122,DNA Polymerase Inhibitors [MoA]
te_00123,Cytochrome P450 3A4 Inhibitors [MoA]
te_00124,Cytochrome P450 3A4 Inhibitors [MoA]
